id,lat,lon,poi_category,poi_subcategory,poi_name,GEOID
61675193,37.7721282,-122.4227728,amenity,bar,Martuni's,06075020202
61690921,37.7969638,-122.4056426,amenity,bar,Comstock Saloon,06075061101
281652642,37.7595434,-122.4141826,amenity,school,John O'Connell High School,06075022801
286898816,37.7473791,-122.4138441,amenity,school,Saint Anthony - Immaculate Conception,06075025200
293573361,37.7923271,-122.4346848,amenity,cafe,Blue Bottle,06075013500
293632937,37.7767776,-122.3940709,shop,supermarket,Safeway,06075060703
317081666,37.7862572,-122.4086732,amenity,bar,John Foley's Dueling Piano Bar,06075012301
317124812,37.7795947,-122.3951729,amenity,cafe,Brickhouse Cafe and Bar,06075018000
317129230,37.7769117,-122.393795,amenity,bank,Wells Fargo,06075060703
331389010,37.7986732,-122.4072962,amenity,cafe,Caffe Trieste,06075010600
332730973,37.786217,-122.453191,amenity,cafe,Starbucks,06075015402
332730993,37.7866119,-122.4504574,amenity,cafe,Peet's Coffee,06075015402
332787306,37.786265,-122.4528047,shop,supermarket,Calmart,06075015402
332787308,37.7870938,-122.4563869,amenity,cafe,Picnix Bistro,06075013300
334973993,37.7994006,-122.4086568,amenity,bank,BMO,06075010600
335443049,37.7935766,-122.403101,amenity,bank,Citibank,06075011700
335444374,37.7908279,-122.4025161,amenity,cafe,Peet's Coffee,06075011700
335444675,37.7899212,-122.402012,amenity,bank,Union Bank of California,06075011700
340235848,37.7887072,-122.401768,amenity,bank,Bank of America,06075061501
351963628,37.7866169,-122.414982,amenity,cafe,Angel Cafe & Deli,06075012204
358761032,37.7802073,-122.4463603,amenity,school,Anza School,06075015702
358762994,37.7106428,-122.4006765,amenity,school,Candlestick Cove School,06075061000
358764041,37.7246535,-122.417749,amenity,place_of_worship,Convent of the Good Shepherd,06075025900
358766258,37.7349307,-122.4008042,amenity,school,Fremont School,06075023001
358766262,37.7774296,-122.4410824,amenity,school,Fremont School,06075015802
358766707,37.792429,-122.4255268,amenity,school,Gough School,06075013101
358766787,37.7924291,-122.4444159,amenity,school,Grant School,06075013200
358766976,37.7101499,-122.4340763,amenity,school,Guadalupe Elementary School,06075026302
358767935,37.7304863,-122.379415,amenity,school,Hunters Point Number Two School,06075023103
358768537,37.7369365,-122.4215447,amenity,school,Junipero Serra Elementary School,06075025401
358769656,37.7749296,-122.4341379,amenity,school,Lombard School,06075016400
358769706,37.7104876,-122.4471941,amenity,school,Longfellow Elementary School,06075026303
358770978,37.7254741,-122.4302537,amenity,school,Monroe Elementary School,06075026001
358771812,37.7570398,-122.4126788,amenity,school,George Moscone Elementary,06075022803
358772496,37.7365975,-122.4133043,amenity,school,Paul Revere Elementary School,06075025402
358803209,37.7704381,-122.4226263,amenity,place_of_worship,San Francisco Baha'i Center,06075020202
358803214,37.7747236,-122.4414678,amenity,place_of_worship,Brahma Kumaris Meditation Center,06075016500
358803226,37.7922489,-122.4136318,amenity,school,Cathedral School for Boys,06075011200
358803230,37.7916368,-122.4139404,amenity,place_of_worship,Chapel of Grace,06075011200
358803237,37.790207,-122.4463604,amenity,place_of_worship,Church of the New Jerusalem,06075013300
358803242,37.79104,-122.4060821,amenity,university,Cogswell College,06075011700
358803243,37.7546523,-122.4199709,amenity,school,Collegio De La Mission,06075020900
358803269,37.7852092,-122.4232955,amenity,place_of_worship,First Unitarian Universalist Church,06075015100
358803337,37.7879847,-122.4271935,amenity,place_of_worship,Morning Star Church,06075015201
358803343,37.7931024,-122.4071833,amenity,school,Nam Kue School,06075011800
358803353,37.7780026,-122.430938,amenity,place_of_worship,Old Holy Virgin Russian Orthodox Cathedral,06075016101
358803374,37.7877204,-122.4213653,amenity,place_of_worship,Apostolic Faith Church,06075012001
358803375,37.7798212,-122.4267343,amenity,place_of_worship,Bethel African Methodist Episcopal Church,06075016102
358803384,37.7460417,-122.4380266,amenity,place_of_worship,Saint Aidans Episcopal Church,06075021600
358803458,37.7948868,-122.4325428,amenity,school,Sarah Dix Hamlin School,06075013200
358803467,37.7734042,-122.4148686,amenity,place_of_worship,Templo Calvario,06075017803
358803472,37.7882624,-122.4246934,amenity,place_of_worship,Trinity Episcopal Church,06075015100
358803485,37.7810161,-122.4141316,amenity,place_of_worship,William Taylor Methodist Church,06075012405
358803505,37.7335085,-122.3889302,amenity,place_of_worship,All Hallows Roman Catholic Church,06075061200
358803515,37.7565062,-122.5052302,amenity,place_of_worship,Assyrian Church of the East,06075035201
358803530,37.7882624,-122.4274713,amenity,school,Binet Montessori School,06075015201
358803532,37.783732,-122.4088701,amenity,language_school,Brandon College,06075012503
358803569,37.7950612,-122.4082615,amenity,place_of_worship,Chinese United Methodist Church,06075011300
358803572,37.7868736,-122.428582,amenity,place_of_worship,Christ United Presbyterian Church,06075015202
358803583,37.7546528,-122.486916,amenity,place_of_worship,Episcopal Church of the Incarnation,06075032902
358803614,37.7574305,-122.4860827,amenity,place_of_worship,Good Shepherd Lutheran Church,06075032602
358803651,37.7778136,-122.4393623,amenity,place_of_worship,Redemption Church,06075015802
358803685,37.7927068,-122.4224712,amenity,place_of_worship,Lutheran Church of the Holy Chapel,06075011001
358803731,37.7827071,-122.4244156,amenity,school,New Learning Schools,06075015900
358803734,37.7765963,-122.4410824,amenity,place_of_worship,New Strangers Home Baptist Church,06075015802
358803743,37.790653,-122.406507,amenity,school,Notre Dame Des Victoires Grammar School,06075011700
358803750,37.7911995,-122.4221469,amenity,place_of_worship,Old First Presbyterian Church,06075011101
358803754,37.7770097,-122.443557,amenity,place_of_worship,Pentecostal Temple Church of God in Christ,06075015702
358803774,37.7193763,-122.4719165,amenity,place_of_worship,Lutheran Church of Our Savior,06075031301
358803777,37.8035397,-122.4196935,amenity,place_of_worship,Norwegian Seamans Church,06075010202
358803779,37.7260424,-122.4324714,amenity,school,San Francisco Community Alternative School,06075026001
358804496,37.7756027,-122.4968419,amenity,place_of_worship,Full Life Christian Center,06075047802
358804499,37.7335418,-122.3891374,amenity,place_of_worship,Bayview Baptist Church,06075061200
358804501,37.7953978,-122.4052842,amenity,place_of_worship,Buddha's Universal Church,06075061101
358804507,37.7944211,-122.4098038,amenity,place_of_worship,Chi Sin Buddhist and Taoist Association,06075011200
358804510,37.7940956,-122.4205267,amenity,place_of_worship,Chinese Community Church,06075011001
358804539,37.7750434,-122.4662264,amenity,place_of_worship,Church of Christ Golden Gate,06075045202
358804544,37.7574305,-122.4805271,amenity,place_of_worship,The Church of Jesus Christ of Latter-day Saints,06075032602
358804549,37.7226986,-122.4441399,amenity,place_of_worship,Community Assembly of God Church,06075026100
358804567,37.7533282,-122.4927608,amenity,place_of_worship,San Francisco Chinese Baptist Church,06075032902
358804587,37.7342846,-122.4919071,amenity,place_of_worship,First United Presbyterian Church,06075033001
358804595,37.7424329,-122.4937196,amenity,place_of_worship,Grace United Methodist Church,06075032901
358804599,37.7760406,-122.4291379,amenity,place_of_worship,Greater Jerusalem Baptist Church,06075016300
358804608,37.7235427,-122.4569162,amenity,place_of_worship,Ingleside Presbyterian Church,06075031201
358804626,37.7307539,-122.4754281,amenity,place_of_worship,Lakeside Presbyterian Church,06075033201
358804637,37.7910402,-122.4433048,amenity,place_of_worship,Mount Vernon Missionary Baptist Church,06075013402
358804640,37.776541,-122.4265578,amenity,place_of_worship,Neighborhood Baptist Church,06075016300
358804646,37.7753312,-122.4679979,amenity,place_of_worship,Park Presidio Bible Church,06075045201
358804698,37.7836504,-122.444018,amenity,place_of_worship,Saint Andrew Missionary Baptist Church,06075015401
358804712,37.7474303,-122.4138597,amenity,school,Saint Anthony's School,06075025200
358804715,37.7952067,-122.4246935,amenity,school,Saint Brigid School,06075013101
358804766,37.723265,-122.4619163,amenity,place_of_worship,Saint Emydius Roman Catholic Church,06075031201
358804772,37.7607638,-122.5030274,amenity,place_of_worship,Saint Paul's Presbyterian Church,06075035202
358804784,37.7882624,-122.4249712,amenity,place_of_worship,Saint Gregory Nyssen Episcopal Church,06075015100
358804799,37.7920325,-122.4223078,amenity,place_of_worship,Saint Lukes Episcopal Church,06075011101
358804822,37.7579854,-122.389415,amenity,place_of_worship,Saint Stephen Baptist Church,06075022600
358804828,37.7902349,-122.4463583,amenity,place_of_worship,Saint Thomas Episcopal Church,06075013300
358804831,37.7118925,-122.4728363,amenity,place_of_worship,Saint Thomas More Roman Catholic Church,06075060400
358804836,37.7988176,-122.4102489,amenity,place_of_worship,San Francisco Chinese Baptist Church,06075010702
358804888,37.7938178,-122.4188601,amenity,school,Spring Valley Elementary School,06075011001
358804896,37.7921513,-122.4394159,amenity,school,Sterne School,06075013200
358804909,37.7535418,-122.4960828,amenity,place_of_worship,Sunset Baptist Church,06075035102
358804916,37.7538621,-122.4897043,amenity,place_of_worship,Sunset Branch Lutheran Church of the Holy Spirit,06075032902
358804918,37.7570102,-122.5019803,amenity,place_of_worship,Sunset Chinese Baptist Church,06075035102
358804944,37.7967218,-122.4115998,amenity,place_of_worship,True Sunshine Episcopal Church,06075010701
358804982,37.779131,-122.4675962,amenity,place_of_worship,Zion Lutheran Church,06075045201
358804984,37.779405,-122.4676256,amenity,school,Zion Lutheran School,06075045201
358805033,37.7935281,-122.4080293,amenity,school,Chinese Central High School,06075011300
358805043,37.709504,-122.4085023,amenity,place_of_worship,Church of the Visitacion,06075026403
358805047,37.79554,-122.4094713,amenity,school,Cumberland Chinese School,06075011300
358805049,37.7955734,-122.4094786,amenity,place_of_worship,Cumberland Presbyterian Chinese Church,06075011300
358805051,37.7885986,-122.4291488,amenity,place_of_worship,Daihonzan Nichiren-Ji,06075015202
358805057,37.792643,-122.4179019,amenity,place_of_worship,First Chinese Southern Baptist Church,06075011101
358805065,37.7738625,-122.4327607,amenity,place_of_worship,First Friendship Institutional Baptist Church,06075016400
358805067,37.8058535,-122.4274497,amenity,place_of_worship,Fort Mason Chapel,06075012602
358805071,37.7629855,-122.419971,amenity,place_of_worship,Full Gospel Assembly Church,06075020802
358805081,37.774374,-122.4377491,amenity,place_of_worship,Holy of Holiness Missionary Baptist Church,06075016400
358805084,37.7839876,-122.4439445,amenity,place_of_worship,Hokke-shu Buddhist Church Honnoji,06075015401
358805091,37.7727642,-122.449022,amenity,place_of_worship,Kagyu Droden Kunchab,06075016500
358805101,37.764543,-122.4255265,amenity,place_of_worship,Lighthouse Full Gospel Church,06075020201
358805109,37.7735277,-122.4683049,amenity,place_of_worship,Paradise Monastery of San Francisco,06075045201
358805119,37.7949288,-122.4094155,amenity,place_of_worship,Quong Ming Buddhism and Taoism Society,06075011300
358805134,37.7432346,-122.4566757,amenity,place_of_worship,Saint Brendan Catholic Church,06075030600
358805149,37.7341565,-122.4272328,amenity,place_of_worship,Saint John the Evangelist Roman Catholic Church,06075025502
358805152,37.7930713,-122.4072092,amenity,school,Saint Mary's Chinese Day School,06075011800
358805155,37.7930242,-122.4072039,amenity,school,Saint Mary's Chinese Language School,06075011800
358805169,37.7445232,-122.4291781,amenity,school,Saint Pauls Primary School,06075021500
358805179,37.7614789,-122.3971607,amenity,place_of_worship,Saint Teresa Catholic Church,06075022702
358805186,37.8013677,-122.4104649,amenity,school,Saints Peter and Paul School,06075010401
358805211,37.7775209,-122.4638945,amenity,place_of_worship,Wong Tai Sin Temple,06075045100
358805216,37.7605311,-122.3980109,amenity,university,American College of Traditional Chinese Medicine,06075022702
358805223,37.7138373,-122.4615941,amenity,place_of_worship,Broad Street Baptist Church,06075031401
358805227,37.7516219,-122.4047153,amenity,school,Buena Vista Elementary School,06075022903
358805232,37.7335822,-122.3888686,amenity,place_of_worship,Christ Missionary Baptist Church,06075061200
358805240,37.7138209,-122.4588609,amenity,place_of_worship,Cosmopolitan Baptist Church,06075031401
358805243,37.7232648,-122.4369159,amenity,school,Discovery Center School,06075026100
358805254,37.7779851,-122.4296934,amenity,place_of_worship,First Union Baptist Church,06075016102
358805257,37.736875,-122.3985819,amenity,place_of_worship,Flower Hill Baptist Church,06075023001
358805272,37.7279864,-122.380804,amenity,place_of_worship,Greater New Light Baptist Church,06075023200
358805275,37.774995,-122.4338305,amenity,school,Ida B Wells High School,06075016400
358805304,37.7927068,-122.4333047,amenity,school,Newcomer High School,06075013200
358805320,37.7804851,-122.4460825,amenity,school,Raoul Wallenberg Traditional High School,06075015702
358805336,37.79354,-122.4080266,amenity,school,San Francisco Chinese Parent Committee School,06075011300
358805338,37.7096543,-122.4483052,amenity,school,San Francisco Christian School,06075026303
358805342,37.7174317,-122.4416384,amenity,school,San Francisco Junior Academy,06075026100
358805513,37.7752074,-122.441638,amenity,place_of_worship,Cleaver Memorial Church of God in Christ,06075016500
358805515,37.7138207,-122.4349716,amenity,place_of_worship,Geneva Avenue United Methodist Church,06075026301
358805518,37.7852316,-122.4114682,amenity,place_of_worship,Glide Memorial United Methodist Church,06075012301
358858483,37.7794901,-122.4142082,,,ABA Protection,06075012405
358858684,37.8077859,-122.4095315,amenity,school,Alliant International University,06075010101
360450263,37.7511207,-122.4383271,amenity,cafe,Philz Coffee,06075021200
360462977,37.7482363,-122.4336596,shop,convenience,Angel's Deli & Market,06075021400
360463558,37.7484974,-122.429217,amenity,cafe,Noe Cafe,06075021400
360463705,37.7484143,-122.4269955,shop,convenience,Modern Market,06075021400
360463846,37.7485992,-122.4269982,amenity,cafe,Chloe's Cafe,06075021400
360464463,37.7492082,-122.4270599,amenity,cafe,Lovejoy's Tea Room,06075021400
366700371,37.7991949,-122.409102,amenity,cafe,Cavalli Cafe,06075010702
368167410,37.7868596,-122.4101373,,,American Conservatory Theater - Administrative Offices,06075012301
368171295,37.7751902,-122.404056,amenity,police,San Francisco Sheriff's Department,06075018000
368171321,37.7297287,-122.397782,amenity,police,Bayview Police Station,06075023300
368171323,37.7246336,-122.446302,amenity,police,Ingleside Police Station,06075025501
368171326,37.7677915,-122.4552017,amenity,police,Park Police Station,06075980300
378440021,37.7649457,-122.4235379,amenity,bar,ABV,06075020201
381953737,37.7894328,-122.4078657,amenity,bank,Wells Fargo,06075011700
384346934,37.7870234,-122.404684,amenity,bank,Wells Fargo,06075011700
384359194,37.7864444,-122.4146585,shop,convenience,Star Market,06075012302
386585808,37.7916315,-122.3991462,amenity,university,University of Phoenix,06075011700
386596676,37.7928387,-122.3965185,amenity,bank,Citibank,06075061507
387227570,37.8052324,-122.4235144,shop,convenience,North Point Market,06075010202
387252662,37.7941174,-122.4228252,amenity,bank,Metro United Bank,06075011002
387254338,37.7922793,-122.4229797,amenity,bank,Citibank,06075013101
387673951,37.7909499,-122.4221885,amenity,bank,Bank of America,06075011101
389404007,37.7811499,-122.3997789,shop,supermarket,Whole Foods Market,06075017801
389440586,37.7794096,-122.401924,amenity,cafe,All Star Donuts,06075017801
392198178,37.7887945,-122.4035257,amenity,bank,Citibank,06075011700
393732505,37.7819982,-122.4495291,amenity,bank,Bank of America,06075015701
410845445,37.7901681,-122.4154112,amenity,cafe,Another Cafe,06075011901
411083201,37.7670162,-122.4219251,amenity,cafe,Four Barrel Coffee,06075020101
411084946,37.7938731,-122.403151,amenity,bank,BMO,06075061101
411283248,37.7993386,-122.4091907,amenity,bank,Bank of America,06075010702
411286615,37.797748,-122.408814,amenity,bank,East West Bank,06075010701
411288804,37.7972269,-122.408705,amenity,bank,East West Bank,06075010701
411290141,37.795295,-122.4083069,amenity,bank,Bank of the Orient,06075011300
411290345,37.7951667,-122.4082734,amenity,bank,Wells Fargo,06075011300
412112860,37.7907882,-122.4205582,amenity,bank,Chase,06075011101
416669966,37.8000657,-122.4430333,amenity,bank,First Federal Savings of San Rafael,06075012700
416779714,37.8000223,-122.4416127,shop,supermarket,Marina Supermarket,06075012801
416782619,37.8005967,-122.4370151,amenity,bank,Wells Fargo,06075012802
416784221,37.8001107,-122.4410436,shop,convenience,Marina Deli & Liquor,06075012802
417273229,37.8090464,-122.4173448,amenity,place_of_worship,Fishermen's and Seamen's Memorial Chapel,06075010101
418513657,37.7648358,-122.4194536,,,Stamen Design,06075020102
418513660,37.7645003,-122.4216812,amenity,cafe,Muddy Waters,06075020102
418540495,37.7867153,-122.4125033,amenity,bar,Swig,06075012302
420515721,37.7555826,-122.4185428,amenity,bank,Wells Fargo,06075020801
420516920,37.7945631,-122.4268815,amenity,place_of_worship,,06075013102
420519036,37.7505269,-122.4184913,amenity,bank,Chase,06075020900
426229962,37.7815274,-122.4575693,amenity,bank,U.S. Bank,06075015401
426233725,37.7815396,-122.458245,amenity,bank,Wells Fargo,06075015401
426256520,37.7807541,-122.465749,amenity,bank,EastWest Unibank,06075045202
426259584,37.7807541,-122.466058,amenity,bank,San Francisco Federal Credit Union,06075045202
426266452,37.7806727,-122.4672424,amenity,bank,Citibank,06075045202
427172235,37.7802861,-122.4759314,amenity,bank,California Bank & Trust,06075047600
427173109,37.7801911,-122.4780428,amenity,bank,Wells Fargo,06075047600
427173443,37.7805779,-122.4784879,amenity,bank,Bank of America,06075042601
427173655,37.7801707,-122.4784462,amenity,bank,East West Bank,06075047600
427178584,37.7800977,-122.4802207,amenity,bank,Chase,06075047701
427186726,37.7802808,-122.484915,amenity,bank,Citibank,06075042700
429632651,37.7861076,-122.4246875,amenity,bank,Citibank,06075015100
429640531,37.7857298,-122.4295946,amenity,bank,California Bank & Trust,06075015500
429640565,37.7854908,-122.42948,amenity,bank,U.S. Bank,06075015500
429655448,37.7861013,-122.439746,amenity,bank,Wells Fargo,06075015300
429656509,37.7871595,-122.4333688,amenity,bank,Sterling Bank & Trust,06075015202
432817215,37.783402,-122.4211615,amenity,bank,San Francisco Federal Credit Union,06075016000
440106745,37.7996933,-122.408424,amenity,bar,Columbus Cafe,06075010600
443372068,37.7564167,-122.4212286,amenity,cafe,Ritual Coffee Roasters,06075020701
448036312,37.7826281,-122.4688161,amenity,cafe,All Stars,06075040200
448038882,37.7832278,-122.4613841,amenity,cafe,Cumaica Coffee,06075040100
459504817,37.7606657,-122.436559,shop,supermarket,Mollie Stone's,06075020500
479491671,37.7882367,-122.4012873,amenity,bar,House of Shields,06075061501
497304181,37.76668,-122.4219156,shop,convenience,E & M Market,06075020101
497304203,37.7650583,-122.4220701,shop,convenience,Foodhall,06075020201
527505796,37.76976,-122.422503,shop,convenience,Fred's Liquor,06075020202
527744132,37.7947425,-122.4059273,amenity,place_of_worship,Chinese Congregational Church,06075061101
528057543,37.7682118,-122.422385,amenity,cafe,Carlin's Cafe,06075020202
528057545,37.7686733,-122.4225145,,,,06075020202
529117813,37.7646987,-122.4235801,shop,convenience,K&D Market,06075020201
529771968,37.7706731,-122.4252744,amenity,bar,The Orbit Room,06075016801
529777817,37.785912,-122.4131628,amenity,bar,Bourbon and Branch,06075012302
530286818,37.768891,-122.428442,amenity,bank,Wells Fargo,06075016900
542900772,37.8063329,-122.432056,,,Fort Mason Center,06075012602
571457963,37.7600939,-122.3968164,shop,convenience,Good Life Grocery,06075022702
582778903,37.7485396,-122.4250659,amenity,cafe,Luv a Java,06075021400
582779493,37.7504256,-122.4203499,amenity,bar,Clooney's Pub,06075020900
582781745,37.7489951,-122.4205203,amenity,bar,Dovre Club,06075021000
586704382,37.764528,-122.432407,shop,convenience,Harvest Market,06075020300
586713622,37.7648492,-122.4320119,amenity,cafe,Peet's Coffee,06075020300
599417363,37.7543118,-122.4777235,amenity,cafe,Golden Island Cafe,06075032802
610748101,37.7176458,-122.4719687,amenity,place_of_worship,Temple United Methodist Church,06075031301
612767884,37.7986741,-122.4090015,shop,supermarket,JW & L Market,06075010702
613270075,37.7998684,-122.4098389,amenity,cafe,La Boulange,06075010702
615143634,37.7265162,-122.4645819,shop,convenience,7-Eleven,06075030900
621793529,37.7877507,-122.4118412,amenity,bar,Owl Tree,06075012302
621818319,37.7886224,-122.4100569,shop,convenience,Mason Liquor & Deli,06075012100
621818366,37.7881935,-122.4103007,amenity,bar,Level III,06075012100
621818383,37.7878201,-122.4113142,amenity,bar,Lost Cat,06075012302
621851566,37.7888877,-122.4105878,shop,convenience,MMC Wine & Spirit,06075012100
630746097,37.801867,-122.456201,amenity,cafe,Il Parco,06075060100
632725242,37.7373354,-122.4695681,amenity,cafe,Greenhouse,06075030800
632817679,37.7386468,-122.4685481,amenity,bar,Binu Bonu,06075030800
635275099,37.806643,-122.430359,,,Headquarters of San Francisco Maritime National Historical Park,06075012602
638752547,37.7397088,-122.4673069,amenity,cafe,Starbucks,06075030800
638752550,37.7394148,-122.4676461,amenity,bank,Citibank,06075030800
645739953,37.794578,-122.4018962,,,Flickr HQ,06075061101
647656706,37.7710569,-122.432071,amenity,cafe,Cafe Réveille,06075016700
647656785,37.7721773,-122.4307315,amenity,cafe,Cafe International,06075016801
647656834,37.7719921,-122.4305641,shop,convenience,Haight Fillmore Whole Foods Co.,06075016801
666369832,37.7666454,-122.4528662,amenity,cafe,Lava Java,06075017102
679010814,37.7755634,-122.3933972,amenity,cafe,Philz Coffee,06075060703
705410439,37.759835,-122.397803,amenity,cafe,Thinker's Cafe,06075061402
718375781,37.7421772,-122.4985695,amenity,cafe,Andytown Coffee Roasters,06075035300
718375782,37.7421717,-122.4986952,,,"Union Insurance Services, Inc.",06075035300
718375843,37.742187,-122.4983446,shop,convenience,Sea Bee Liquors,06075035300
724824664,37.7420078,-122.5023245,shop,convenience,Amity Market,06075035400
725066841,37.7866698,-122.4145242,amenity,bar,Rye,06075012302
725096449,37.7869597,-122.4124456,amenity,bar,The Mortimer,06075012302
725100826,37.7871616,-122.410725,amenity,cafe,Starbucks,06075012302
732005606,37.7861325,-122.4188458,amenity,cafe,Hoang Dat,06075012202
734841519,37.7621857,-122.4385594,amenity,atm,Eureka Market,06075020500
761762694,37.7265935,-122.4762074,shop,supermarket,Trader Joe's,06075033201
761805255,37.7302767,-122.4761674,amenity,bank,Wells Fargo,06075033201
761906611,37.77581,-122.4088161,amenity,bar,Bloodhound,06075017804
761916174,37.7765167,-122.4083959,amenity,cafe,Nosh Box,06075017804
775379090,37.7857739,-122.39675,amenity,cafe,Radiator,06075061503
806228029,37.7935102,-122.4062848,amenity,bank,Bank of America,06075011800
806237000,37.7949192,-122.4065261,amenity,bank,Citibank,06075061102
808884914,37.7854715,-122.4089827,amenity,cafe,Mellis Cafe,06075012301
808930684,37.786117,-122.4115193,amenity,bar,Jasper's,06075012302
808930741,37.7865355,-122.4081957,amenity,cafe,Starbucks,06075012301
808930783,37.7866824,-122.407058,amenity,cafe,Boudin,06075011700
808930817,37.7861393,-122.4056853,amenity,cafe,Starbucks,06075011700
819445015,37.7881282,-122.4200791,amenity,cafe,Crepes Ooh La La,06075012001
819447654,37.7889803,-122.4171394,amenity,cafe,Crostini & Java,06075012001
819447677,37.7888488,-122.4201596,amenity,place_of_worship,First Congregational Church of San Francisco,06075011102
825915019,37.7890756,-122.4205448,amenity,bar,El Lopo,06075011102
825967006,37.7912435,-122.420991,amenity,cafe,Donuts & Things,06075011101
825967065,37.7904349,-122.4208088,amenity,cafe,Star Bagels,06075011102
826961052,37.7916777,-122.4210652,amenity,cafe,Moka Coffee,06075011101
826961062,37.791885,-122.4211078,amenity,cafe,Bob's Donuts,06075011101
830588349,37.7856885,-122.4147799,shop,convenience,Deena's Market,06075012204
830825687,37.7992577,-122.449351,amenity,cafe,Starbucks,06075060100
889036926,37.7745171,-122.4586946,amenity,place_of_worship,Kingdom Hall of Jehovah's Witnesses,06075045100
960932055,37.7604494,-122.508978,amenity,cafe,Java Beach Cafe,06075035202
960933322,37.7603301,-122.505422,amenity,cafe,DAMNFINE Coffee,06075035202
968355348,37.7416967,-122.422572,amenity,cafe,Cafe St. Jorge,06075025300
968355561,37.7422092,-122.4264051,amenity,cafe,Cafe XO,06075021500
974352510,37.7337422,-122.4339474,amenity,cafe,Cafe Bello,06075021800
984659510,37.8077247,-122.4426038,amenity,bar,Golden Gate Yacht Club,06075012700
984659529,37.8072388,-122.446947,amenity,bar,St. Francis Yacht Club,06075012700
1002186270,37.7900899,-122.4234142,shop,supermarket,Whole Foods Market,06075015100
1014031956,37.7684783,-122.4506579,amenity,cafe,Bite Me Sandwiches,06075017102
1014036781,37.7654459,-122.4500386,amenity,cafe,Peet's Coffee,06075017102
1014306672,37.7823668,-122.473194,amenity,place_of_worship,Congregation Beth Sholom,06075042602
1029097179,37.7623688,-122.3982922,amenity,cafe,Chatz,06075022702
1060956195,37.7535913,-122.4341333,shop,convenience,1001 Castro Street,06075021100
1073821273,37.7911541,-122.407672,shop,convenience,J & W Market,06075011902
1083221110,37.8059987,-122.409847,amenity,bar,Red Jack Saloon,06075010101
1097231657,37.7753633,-122.458271,amenity,cafe,The Velo Rouge Cafe,06075015600
1116469075,37.7826016,-122.4755804,amenity,place_of_worship,Congregation Anshey Sfard,06075042602
1125115617,37.7717943,-122.433921,amenity,cafe,Palmyra Restaurant,06075016700
1126947956,37.7718315,-122.4335053,shop,convenience,Sunrise Market,06075016700
1126948195,37.7722466,-122.4286694,shop,convenience,S & W market,06075016801
1126948230,37.7677677,-122.4303586,amenity,school,Mission Child Care,06075016900
1126948245,37.7720318,-122.4318431,shop,convenience,Himalaya Playa \/ O'Looney's,06075016801
1130796532,37.7530216,-122.4076438,amenity,cafe,Dynamo Donut & Coffee,06075022903
1172744459,37.7098206,-122.4578886,shop,convenience,7-Eleven,06075026201
1195374514,37.7839525,-122.4811269,amenity,cafe,Bazaar Cafe,06075042601
1195375020,37.7841475,-122.4819637,amenity,cafe,Angelina's Cafe,06075042601
1205027717,37.7911278,-122.4026113,amenity,bank,U.S. Bank,06075011700
1205120785,37.7367631,-122.3897193,shop,supermarket,Super Save,06075061200
1205459534,37.7130939,-122.474586,amenity,place_of_worship,Congregation Beth Israel-Judea,06075060400
1205459563,37.7132276,-122.475606,amenity,school,Brandeis School of San Francisco,06075060400
1205459599,37.7140339,-122.477019,amenity,place_of_worship,Lake Merced Church of Christ,06075060400
1205459615,37.7135841,-122.476253,amenity,place_of_worship,Calvary Armenian Congregational Church,06075060400
1206794862,37.7638277,-122.4150115,amenity,bar,Rite Spot Cafe,06075017700
1206893693,37.7749115,-122.403707,amenity,music_school,Pyramind,06075018000
1206893695,37.7944715,-122.4029279,amenity,bank,Cathay Bank,06075061101
1213823254,37.7709988,-122.4077368,shop,supermarket,Trader Joe's,06075018000
1221413740,37.7412915,-122.3875591,amenity,bank,,06075061200
1221413899,37.7418624,-122.387192,shop,supermarket,Lucky,06075061200
1221414466,37.7333559,-122.390754,amenity,bank,U.S. Bank,06075023200
1229704788,37.7213718,-122.3914266,shop,convenience,,06075023400
1229745509,37.7606273,-122.3884006,amenity,cafe,Wooly Pig,06075022600
1229779251,37.7123845,-122.4032164,shop,convenience,7-Eleven,06075026403
1229920524,37.7099557,-122.4498831,amenity,bar,The Connection,06075026201
1229920646,37.7168741,-122.4415313,shop,supermarket,Pho Tot,06075026100
1230343363,37.7268295,-122.403121,amenity,cafe,Quickly,06075025702
1230343378,37.7280384,-122.4035148,amenity,bank,Bank of the West,06075025702
1230343396,37.729598,-122.4042642,amenity,bank,Sterling Bank & Trust,06075025702
1230343414,37.7253138,-122.4028091,shop,convenience,Tierra Santa Market,06075025702
1230343461,37.7274098,-122.4036795,amenity,cafe,Giant Scoop Café,06075025702
1230343476,37.7306977,-122.404695,amenity,bank,Bank of America,06075025702
1230343494,37.7320804,-122.4059665,shop,convenience,Food Mart,06075025702
1238299633,37.7580357,-122.3885258,amenity,bar,Dogpatch Saloon,06075022600
1238299641,37.7313687,-122.4514026,amenity,cafe,Railroad Expresso Café,06075031100
1241673242,37.7287077,-122.4315588,amenity,cafe,Silver Café,06075025502
1241673415,37.7289174,-122.4196089,shop,convenience,Hillcrest Market,06075025600
1241690521,37.733976,-122.3912081,shop,convenience,,06075061200
1243846554,37.7686749,-122.4154254,amenity,bar,Nihon,06075017700
1246390510,37.789741,-122.4037025,amenity,cafe,Blue Bottle Coffee,06075011700
1256185225,37.757499,-122.392872,amenity,cafe,La Stazione,06075061402
1277999546,37.7821273,-122.4847278,shop,convenience,25th and Clement Produce and Market,06075042700
1282343098,37.7851476,-122.4037187,amenity,cafe,Feng Cha,06075061501
1282408829,37.7893669,-122.4007304,amenity,cafe,Peet's Coffee,06075061501
1282882085,37.7865514,-122.3977478,amenity,cafe,Chatz Coffee,06075061503
1293838091,37.7870679,-122.4002114,amenity,cafe,Working Girls’ Cafe,06075061501
1295101185,37.7793996,-122.423343,amenity,bar,Smuggler's Cove,06075016200
1306052376,37.754211,-122.4812249,amenity,cafe,Henry's House of Coffee,06075032802
1306052385,37.754212,-122.4811303,amenity,school,Whelan Academy of Irish Dance,06075032802
1307325427,37.7709564,-122.4265001,amenity,university,UCSF Dental School,06075016801
1319206689,37.7627241,-122.4356465,shop,convenience,KD's Grog and Groceries,06075017000
1320562873,37.7877716,-122.4010378,amenity,cafe,Starbucks,06075061501
1350484814,37.7928844,-122.416234,shop,supermarket,Le Beau Market,06075011101
1350921998,37.7676648,-122.4836984,,,Park Urban Forestry Center,06075980300
1376198368,37.7873676,-122.4224892,amenity,place_of_worship,Lighthouse Church,06075015100
1393930496,37.7869931,-122.3997314,amenity,cafe,Cafe Madeleine,06075061501
1393986231,37.7846363,-122.4080882,amenity,bank,Bank of America,06075012503
1393986237,37.783201,-122.4068367,amenity,cafe,zevi café & bistro,06075017602
1417639584,37.7916237,-122.4104078,amenity,bar,Top of the Mark,06075011902
1431426728,37.7421503,-122.4226138,shop,convenience,7-Eleven,06075025300
1433963042,37.7816763,-122.3886142,amenity,cafe,South Beach Cafe,06075060701
1450130174,37.817412,-122.3712223,,,Treasure Island Administration Building 1,06075017903
1450168242,37.8230988,-122.372885,,,US Dept of Labor Job Corps Building 363,06075017903
1450168490,37.8228361,-122.372745,,,US Dept of Labor Job Corps Building 364,06075017903
1450168618,37.8217428,-122.371984,,,US Dept of Labor Job Corps Building 365,06075017903
1450169174,37.8214801,-122.371801,,,US Dept of Labor Job Corps Building 366,06075017903
1450169444,37.8212089,-122.37163,,,US Dept of Labor Job Corps Building 367,06075017903
1450184169,37.8218191,-122.3691623,,,US Dept of Labor Job Corps Administration & Wellness Center,06075017903
1478520948,37.7965466,-122.4217072,shop,supermarket,Bi-Rite Market,06075010902
1484054748,37.7671416,-122.3916146,amenity,police,Campus Police Office,06075060701
1484799258,37.7904287,-122.4057517,amenity,cafe,Starbucks,06075011700
1485975789,37.7904053,-122.4060032,shop,convenience,Grant Mini Market,06075011700
1485988190,37.7902181,-122.4074048,shop,convenience,Food Fair Market Liquors,06075011700
1486016637,37.7900177,-122.410859,shop,convenience,Bush Market,06075011902
1486057725,37.7890489,-122.4090986,shop,convenience,7-Eleven,06075012100
1486063055,37.7891202,-122.4084647,amenity,cafe,Starbucks,06075011700
1493456487,37.7770688,-122.41733,amenity,cafe,Starbucks,06075012405
1493721688,37.7643689,-122.4333114,amenity,bar,Lookout,06075016900
1522667485,37.7644817,-122.4258437,amenity,place_of_worship,Saint Matthews Lutheran Church,06075020201
1532496946,37.7855647,-122.396389,amenity,bank,Wells Fargo,06075061503
1564470253,37.794238,-122.4687405,amenity,cafe,General Store (Cafe),06075060100
1581843965,37.778429,-122.3943226,amenity,bar,Twenty Five Lusk,06075018000
1581862146,37.7910697,-122.4192372,amenity,cafe,Souvenir Coffee,06075011101
1586380649,37.7642828,-122.4306267,amenity,cafe,U Dessert Story,06075020300
1607230272,37.7985549,-122.4070947,amenity,bar,The Saloon,06075010600
1610994013,37.7632466,-122.4152866,amenity,cafe,Stable Cafe,06075022801
1612773733,37.7710719,-122.4132775,amenity,bar,Butter,06075017700
1612808193,37.7854136,-122.4043265,amenity,bar,The View Lounge,06075061501
1613829032,37.7870507,-122.398875,amenity,cafe,Blue Bottle Coffee,06075061501
1613829042,37.7881751,-122.4002205,amenity,bar,DaDa Bar,06075061501
1613831308,37.7886901,-122.4008757,amenity,cafe,Starbucks,06075061501
1614316010,37.7788503,-122.3939425,amenity,cafe,Cento,06075018000
1615157230,37.7911616,-122.4171865,amenity,bar,Wreck Room,06075011101
1616322282,37.7856379,-122.4302408,amenity,bar,Dimples,06075015500
1616322287,37.7851137,-122.4321864,amenity,bar,Club Mari's \/ Mogura,06075015500
1617283411,37.7914682,-122.3994657,amenity,cafe,Flywheel Coffee Roasters,06075011700
1617288110,37.7898697,-122.4009729,amenity,bar,Sutter Station Tavern,06075011700
1617289729,37.7967881,-122.3998422,amenity,cafe,Cafe Insalata,06075010500
1618687933,37.7802406,-122.485657,amenity,bar,Trad'r Sam,06075042700
1626468365,37.7870952,-122.4128807,amenity,bar,620 Jones,06075012302
1627837843,37.7893565,-122.3999969,amenity,cafe,Neeto's Cafe,06075061501
1649867191,37.7602611,-122.420758,amenity,bar,Wildhawk,06075020802
1676994251,37.7832783,-122.4060429,amenity,bar,Executive Order,06075017602
1700641974,37.7770339,-122.4084399,amenity,cafe,Sightglass Coffee,06075017804
1706618868,37.7761053,-122.4459793,shop,supermarket,Lucky,06075015702
1713256852,37.7512768,-122.4360311,,,Edward Jones,06075021200
1713256870,37.7513087,-122.435386,,,Compass,06075021200
1713256879,37.7512869,-122.4361685,amenity,cafe,Diamond Cafe,06075021200
1713269532,37.7513214,-122.4316832,amenity,cafe,Starbucks,06075021400
1713269576,37.7513624,-122.4344716,amenity,cafe,Peasant Pies,06075021200
1713269599,37.7512689,-122.4329008,amenity,bank,Wells Fargo,06075021400
1713269600,37.7515955,-122.4276745,shop,convenience,Shufat Market,06075021400
1713269606,37.7516023,-122.4311708,amenity,cafe,Bernie's,06075021100
1713269637,37.7515292,-122.4317033,amenity,bank,Chase,06075021100
1743528308,37.7606933,-122.5057598,shop,convenience,7-Eleven,06075035202
1762825978,37.780834,-122.4644592,amenity,cafe,Cafe Coco,06075045202
1769223514,37.7831528,-122.4625522,amenity,cafe,Blue Danube Coffee House,06075040100
1769223516,37.7831431,-122.4628435,shop,convenience,Genki Crepes & Mini Mart,06075040100
1769223520,37.7802857,-122.4763814,amenity,cafe,Royal Ground Coffee,06075047600
1775084817,37.7556448,-122.4173708,amenity,place_of_worship,Hua Zang Si,06075020801
1777418695,37.8038977,-122.4151415,amenity,bar,International Sports Club,06075010102
1784088153,37.726573,-122.4353144,amenity,place_of_worship,Corpus Christi Church,06075025502
1784908622,37.7767623,-122.4379485,amenity,bar,Fly Bar & Restaurant,06075016400
1806978712,37.7712823,-122.4130526,amenity,bar,Bar Agricole,06075017803
1809593836,37.7335649,-122.4897011,amenity,cafe,Peet's Coffee,06075033100
1819811597,37.7831179,-122.4638239,amenity,bar,Scarlet Lounge,06075040100
1823804078,37.7900511,-122.4011911,amenity,cafe,Caffè Bianco,06075011700
1823917069,37.7975226,-122.4084387,shop,convenience,Best Food,06075010701
1837284133,37.7764144,-122.414717,shop,convenience,Go Go Market & Deli,06075017603
1839527429,37.755275,-122.4194265,amenity,bar,Make Out Room,06075020900
1844653896,37.785513,-122.413076,amenity,bar,Zombie Village,06075012301
1844915443,37.7859991,-122.4044428,amenity,bar,Press Club,06075061501
1846461309,37.7967569,-122.4221183,amenity,cafe,Starbucks,06075010902
1847720030,37.7770034,-122.4380361,amenity,cafe,Eddie's Cafe,06075015802
1854749247,37.7831231,-122.4322615,shop,convenience,Jai Ho Indian Grocery Store,06075015900
1857231112,37.8053319,-122.4150836,amenity,cafe,Starbucks,06075010102
1880206674,37.7717634,-122.4023946,,,Advent Software,06075018000
1880208351,37.7701928,-122.4034984,amenity,cafe,Starbucks,06075060702
1880215032,37.7720246,-122.4092269,amenity,cafe,Telescope Coffee,06075018000
1880217801,37.7739007,-122.4120484,shop,convenience,Diana Market #2,06075017803
1901868627,37.7884667,-122.4154843,shop,convenience,Yogi Food Market,06075012001
1914749996,37.7393085,-122.4182852,amenity,bar,Holy Water,06075025200
1924019359,37.7781686,-122.3969964,amenity,bar,Reeves,06075018000
1924019363,37.7773574,-122.3922827,amenity,cafe,Bubble Queen,06075060703
1924130352,37.7237981,-122.4546813,shop,supermarket,Whole Foods Market,06075031000
1958696320,37.7736172,-122.4478193,amenity,cafe,Karma Cafe,06075016500
1958757624,37.7696837,-122.4534584,amenity,cafe,Flywheel Coffee,06075016602
1960941273,37.7660309,-122.4289792,shop,convenience,Church Street Groceteria,06075020300
1969279894,37.7776794,-122.4385135,shop,convenience,Transfer Market,06075015802
1969282330,37.7756753,-122.4467198,shop,convenience,Fulton Food Shop,06075016500
1970075773,37.7486631,-122.4227133,shop,convenience,26th & Guerrero Market,06075021000
1975916973,37.7821173,-122.4171746,amenity,cafe,DeliShack,06075012403
1979537360,37.7788142,-122.3930951,amenity,bank,Fremont Bank,06075018000
1980329165,37.7732328,-122.450823,amenity,cafe,Sacred Grounds,06075016500
1980330799,37.7734424,-122.4508575,shop,convenience,Cindy's Market,06075016500
1981994718,37.7774463,-122.4419453,shop,convenience,McBaker Market,06075015702
1990692292,37.7742525,-122.4446478,shop,convenience,Home Service Market,06075016500
1994586391,37.7677045,-122.4279496,,,Allstate,06075020300
1996280844,37.7801293,-122.3925449,,,Embark,06075061502
2005901844,37.7707677,-122.4244681,,,Combined Realty,06075020202
2026996037,37.7867615,-122.4004371,amenity,bar,Pink Elephant,06075061501
2035871772,37.7217291,-122.4621338,shop,convenience,Cool Guys,06075031201
2047570604,37.7492129,-122.4180336,shop,supermarket,Casa Guadalupe,06075020900
2050131394,37.7522376,-122.4205268,shop,supermarket,Valencia Farmers Market,06075020900
2050878746,37.7520991,-122.4194208,shop,convenience,BART Liquor Store,06075020900
2052391118,37.7523144,-122.4189203,amenity,cafe,Cafe La Boheme,06075020900
2054075810,37.7229089,-122.435887,shop,convenience,Yicks Liquor,06075026001
2054075829,37.7216084,-122.4368714,shop,convenience,Frank's Market Liquor,06075026001
2054109848,37.7241479,-122.4353989,amenity,bank,Citibank,06075025501
2054109855,37.7272028,-122.4327193,amenity,bar,Rocks Den,06075026001
2054109870,37.7244407,-122.4351736,amenity,bank,U.S. Bank,06075025501
2054109906,37.7255163,-122.4343609,amenity,bar,Pissed Off Pete's,06075025501
2054109917,37.7241479,-122.435001,amenity,bank,Sterling Bank & Trust,06075026001
2054109937,37.7240312,-122.4356295,amenity,bank,Wells Fargo,06075025501
2054130279,37.7286093,-122.431617,shop,convenience,Mission Silver Market,06075025502
2054130284,37.736053,-122.4246298,shop,convenience,New College Hill Market,06075025401
2057076761,37.7534217,-122.4240363,,,,06075021000
2057396831,37.716296,-122.4414251,amenity,bank,Bank of America,06075026100
2057396845,37.7147704,-122.4427139,shop,convenience,United Liquor Market,06075026100
2057447440,37.7235202,-122.4354263,amenity,bank,Chase,06075026001
2059226347,37.7303902,-122.4051055,shop,supermarket,San Bruno Supermarket,06075025702
2059587307,37.7092884,-122.452827,shop,convenience,ampm,06075026201
2060252755,37.7536039,-122.4209734,shop,convenience,Mr Liquor,06075021000
2066866627,37.7519723,-122.4208323,shop,convenience,Valencia Grocery,06075021000
2069048101,37.7742426,-122.4175514,,,Goodwill Industries,06075017700
2069103495,37.7551098,-122.4257529,shop,convenience,Dolores Deluxe,06075021100
2069103559,37.7551397,-122.4252488,,,Downing & Company Real Estate Services,06075020701
2069104070,37.7552542,-122.4233571,amenity,bar,The Liberties,06075020701
2069119594,37.7554145,-122.4211639,,,Social Security Administration,06075020701
2069159598,37.7570365,-122.4209796,shop,supermarket,Valencia Whole Foods,06075020801
2069159600,37.7561957,-122.4212145,,,Thomas D. Harvey Realtor & Insurance,06075020701
2071294620,37.7976247,-122.4076211,shop,convenience,ABC Supermarket Inc,06075010701
2071294646,37.7974117,-122.4084311,shop,convenience,Kin Tat Co.,06075010701
2071647991,37.792141,-122.410008,amenity,bar,Tonga Room & Hurricane Bar,06075011200
2072484547,37.7846049,-122.4665365,amenity,cafe,Beanstalk Cafe,06075040200
2074158443,37.7830743,-122.4645995,shop,convenience,Food 24 Market,06075040200
2074158466,37.7755685,-122.497482,amenity,bank,East West Bank,06075047802
2074158507,37.7755506,-122.4981604,amenity,cafe,La Promenade Cafe,06075047802
2078333126,37.7346227,-122.4337115,shop,supermarket,Buddies Market,06075021800
2095344770,37.766319,-122.417422,amenity,cafe,Flying Pig Bistro,06075017700
2129859148,37.7991456,-122.4189266,shop,convenience,Searchlight Market,06075010901
2130160675,37.7470952,-122.4137576,amenity,cafe,Charlie's Cafe,06075025200
2130160676,37.7467436,-122.4137155,shop,convenience,Harvest Hills Market,06075025200
2130160677,37.747051,-122.410443,amenity,cafe,Precita Park Cafe,06075025100
2130264969,37.8054807,-122.4137896,shop,supermarket,Trader Joe's,06075010102
2131702647,37.7604101,-122.4146785,amenity,bar,Homestead,06075022801
2133322197,37.7924108,-122.4344435,shop,convenience,Mayflower Market,06075013500
2133322244,37.7925919,-122.4344765,shop,convenience,Gino's,06075013200
2133892604,37.799314,-122.4223108,amenity,cafe,Fueling Station,06075010902
2143171447,37.7820885,-122.4485288,amenity,cafe,Nani's Cafe,06075015701
2144839391,37.7972459,-122.4055336,amenity,cafe,Réveille Coffee Co.,06075010600
2144839392,37.7972068,-122.4051977,amenity,cafe,The Station,06075010600
2147409252,37.777298,-122.4414902,amenity,cafe,Matching Half Cafe,06075015802
2148537238,37.7564805,-122.3927992,amenity,fuel,Dogpatch Biofuels,06075061402
2156202862,37.7671329,-122.399881,amenity,cafe,A2 Cafe,06075060702
2166014681,37.7979623,-122.4049362,amenity,bar,Monroe San Francisco,06075010600
2166577123,37.7977377,-122.4010588,amenity,cafe,Starbucks,06075010500
2167144980,37.7986234,-122.4221616,amenity,cafe,Loving Cup,06075010902
2167198618,37.7971897,-122.421899,amenity,cafe,Royal Ground Coffee,06075010902
2167447455,37.7970951,-122.4221642,amenity,bar,Bullitt,06075010902
2167562321,37.7965391,-122.4221243,amenity,cafe,Peet's Coffee,06075010902
2184767720,37.7852546,-122.4310324,shop,supermarket,Nijiya Market,06075015500
2184790554,37.7907686,-122.4179305,shop,supermarket,Trader Joe's,06075011102
2187987262,37.7664253,-122.4290387,amenity,cafe,Church Street Cafe,06075020300
2220082604,37.7959769,-122.4149018,shop,supermarket,New Russian Hill Market,06075010800
2220968786,37.7902253,-122.4220729,amenity,cafe,Starbucks,06075011102
2220968791,37.7902606,-122.4219112,amenity,bank,Wells Fargo,06075011102
2240839533,37.7785808,-122.393364,amenity,bar,District,06075018000
2240839538,37.7781979,-122.393853,amenity,cafe,Cafe Okawari,06075018000
2240839554,37.7784531,-122.392018,amenity,bar,Candlestick Park Sports Bar,06075060701
2240839575,37.7785737,-122.392176,amenity,cafe,EA Cafe,06075060701
2240869175,37.7821769,-122.391245,,,GitHub,06075061502
2240869181,37.7806466,-122.3964816,amenity,bar,Lava Restaurant & Lounge,06075018000
2240869184,37.7778936,-122.3910462,amenity,bar,Public House,06075060701
2248269727,37.7342366,-122.390519,amenity,cafe,Old Skool Cafe,06075061200
2248273325,37.7806174,-122.4689908,shop,convenience,First Korean Market,06075045201
2248286001,37.7916682,-122.4036534,amenity,bar,The Occidental Cigar Club,06075011700
2248312524,37.7819235,-122.4538462,amenity,cafe,Internos Wine Cafe,06075015401
2249505473,37.7898391,-122.4105921,amenity,bar,The Summer Place,06075012100
2249856378,37.767243,-122.393699,amenity,cafe,Starbucks,06075060701
2250378561,37.8001651,-122.4073582,amenity,bar,Tope,06075010600
2253031247,37.7847871,-122.4126504,amenity,bar,Cinnabar,06075012502
2272820965,37.7392324,-122.417262,amenity,bank,Bank of America,06075025200
2287521548,37.7692181,-122.4522109,amenity,bar,Murio's Trophy Room,06075016602
2294919268,37.7860568,-122.4013648,amenity,bar,St. Regis Hotel Lobby Bar,06075061501
2296069181,37.7600844,-122.388215,amenity,cafe,Jolt and Bolt,06075022600
2300024327,37.7932688,-122.401308,amenity,bank,Union Bank,06075011700
2304346688,37.7179291,-122.4741592,amenity,cafe,Spressa,06075033203
2310116024,37.7931953,-122.3970304,amenity,cafe,Coffee Bodega,06075011700
2317662705,37.7467604,-122.4193306,amenity,bar,El Rio,06075025300
2318141840,37.7614816,-122.4352495,amenity,cafe,Cafe Mystique,06075020500
2318141894,37.7616024,-122.4352611,amenity,bar,QBar,06075020500
2318141907,37.7624007,-122.434998,amenity,bar,Twin Peaks Tavern,06075020601
2318141915,37.7612906,-122.4352312,amenity,bar,Blush! Wine Bar,06075020500
2318159223,37.7610207,-122.434589,amenity,bar,Copper,06075020601
2318159226,37.7610101,-122.4346633,amenity,cafe,Starbucks,06075020601
2318796883,37.7607436,-122.4359987,amenity,bar,The Edge,06075020500
2318821830,37.7599702,-122.4347736,amenity,bank,Wells Fargo,06075020601
2321299125,37.7603959,-122.4351454,,,LGBT Asylum Project,06075020500
2321299135,37.7601012,-122.434786,amenity,cafe,Philz Coffee,06075020601
2321299158,37.7599145,-122.435099,amenity,cafe,Castro Tarts,06075020500
2321299164,37.7600344,-122.4347797,,,Herth Real Estate,06075020601
2321299165,37.7605263,-122.4351579,,,,06075020500
2321299170,37.7599866,-122.4351061,,,State Farm,06075020500
2321383079,37.7609305,-122.4358979,amenity,bar,Toad Hall,06075020500
2337741914,37.7757691,-122.4088971,amenity,bar,Raven Bar,06075017804
2338519352,37.7679911,-122.392759,amenity,cafe,The Pub,06075060701
2338784403,37.7975461,-122.4104446,amenity,cafe,Enter the Cafe,06075010701
2338785260,37.798471,-122.425542,shop,convenience,Sherman Market,06075013001
2338835471,37.777716,-122.43816,shop,supermarket,Green Earth,06075015802
2338836841,37.775082,-122.4379846,amenity,cafe,Bean Bag Cafe,06075016400
2338836918,37.771113,-122.43719,shop,convenience,Superette Market,06075016700
2339603601,37.80038,-122.440888,amenity,cafe,Réveille,06075012601
2340004152,37.8005024,-122.4396223,amenity,bank,Bank of America,06075012601
2340008725,37.7999863,-122.4362359,amenity,prep_school,Mathnasium,06075012802
2340887349,37.802115,-122.425025,amenity,cafe,Cafe Lé,06075012901
2341485060,37.7577677,-122.389394,amenity,cafe,Honeybear Boba,06075022600
2341493467,37.7636242,-122.4147701,,,S&H Frank Leather,06075022801
2342299361,37.767017,-122.3940123,amenity,cafe,Pokelife,06075060701
2343615613,37.7846208,-122.409519,amenity,bar,Union Square Sports Bar,06075012503
2353636746,37.7813358,-122.3934839,amenity,place_of_worship,Gran Oriente Filipino Masonic Lodge,06075061502
2356787382,37.7815188,-122.386756,,,Spinnaker Sailing,06075060701
2375537105,37.7815774,-122.4325389,amenity,cafe,The Fillmore Street Cafe,06075015900
2392308328,37.7824032,-122.4097724,,,Zendesk,06075017602
2403914322,37.7629013,-122.4104153,amenity,cafe,Starbucks,06075022801
2411607007,37.7682528,-122.4220877,amenity,bank,Chase,06075020101
2411692096,37.7770377,-122.4175698,amenity,cafe,Andersen Bakery,06075012405
2411698457,37.7763144,-122.4232552,amenity,cafe,Blue Bottle Coffee,06075016200
2429468220,37.7887697,-122.403832,amenity,cafe,Capital One 360 Café,06075011700
2443593161,37.79696,-122.402134,,,Humble Bundle,06075061101
2453600264,37.7690512,-122.390153,amenity,cafe,Peasant Pies,06075060701
2453601076,37.7682828,-122.392945,amenity,bank,Chase,06075060701
2453601864,37.7606346,-122.387782,shop,convenience,Jim's Smoke Shop & Deli,06075022600
2454979580,37.762774,-122.4196292,amenity,bar,The Sycamore,06075020802
2474058013,37.7739857,-122.424226,amenity,cafe,Mercury Cafe,06075016802
2479681841,37.7687435,-122.4270651,shop,supermarket,Whole Foods Market,06075020300
2495740311,37.7887355,-122.4034721,,,French Consulate,06075011700
2503441349,37.7826693,-122.4216137,,,Electronic Frontier Foundation,06075016000
2513314628,37.7974845,-122.4240342,amenity,cafe,,06075013001
2525724761,37.7968023,-122.4238896,shop,convenience,Van Ness Vallejo Market,06075013001
2576109617,37.7755328,-122.4065477,amenity,bar,Rumors Sports Lounge,06075017804
2576592003,37.7864697,-122.4020303,amenity,cafe,Grove To-Go,06075061501
2583212831,37.7948677,-122.403366,,,AcademyX Computer Training,06075061101
2612989373,37.7613276,-122.4258214,amenity,cafe,Dolores Park Cafe,06075020702
2616691213,37.7904903,-122.399517,amenity,cafe,Joe & The Juice,06075061501
2616704054,37.789254,-122.4010574,amenity,bank,Chase,06075061501
2618097136,37.7913113,-122.392283,amenity,cafe,Starbucks,06075061507
2621568629,37.7967564,-122.4038503,,,Jackson Square Law Offices,06075061101
2624201225,37.7644304,-122.432524,amenity,bar,Bar 49,06075020300
2624201230,37.7610642,-122.434509,amenity,bar,The Mix,06075020601
2625276230,37.7627767,-122.4344896,shop,convenience,Chevron Extra Mile,06075020300
2626607880,37.7518268,-122.4185898,amenity,bank,BMO,06075020900
2626609168,37.7507677,-122.4181695,shop,convenience,Golden Market,06075020900
2627661184,37.7510149,-122.4141343,shop,convenience,R Image Market,06075022901
2627676156,37.7453753,-122.4202222,amenity,bar,Royal Cuckoo,06075025300
2629113680,37.761163,-122.4285438,amenity,bar,Cervecería de MateVeza,06075020601
2636164497,37.7522962,-122.419256,amenity,cafe,Beloved Cafe,06075020900
2641796593,37.7415785,-122.405368,shop,supermarket,Grocery Outlet,06075980900
2645860357,37.7486085,-122.4295391,,,Levy Art and Architecture,06075021400
2653086008,37.7604925,-122.4171996,amenity,cafe,Ox Cafe,06075020802
2655462967,37.7664554,-122.4502523,amenity,cafe,The Ice Cream Bar,06075017102
2655525665,37.7815231,-122.4929563,amenity,bar,The Links Bar and Grill,06075042700
2655541785,37.7765595,-122.4760759,shop,convenience,17th & Balboa Market,06075047600
2655587315,37.7723915,-122.4057713,,,Urban Airship,06075018000
2657881653,37.7896193,-122.4015992,amenity,bar,Variety Club Preview Room,06075011700
2664378955,37.7507165,-122.4187507,,,Eddy's Tax and Accounting,06075020900
2666409797,37.7514577,-122.4207903,,,Urban Group Real Estate,06075021000
2667574537,37.7529431,-122.408716,shop,supermarket,Five Markets,06075022903
2675601609,37.7499211,-122.4274416,,,Todd Tax Service,06075021400
2679058774,37.749886,-122.4271347,,,Tango Advanced Nutrition,06075021400
2682478749,37.7841621,-122.4765936,amenity,cafe,Ham and Cheese Deli,06075042602
2689861324,37.7885138,-122.4150968,amenity,cafe,Cup of Joy,06075012100
2690527538,37.7921013,-122.4037695,,,"Bend Law Group, PC",06075011700
2693004231,37.7694214,-122.4505453,shop,supermarket,Frank's Liquors,06075016602
2698381301,37.7864812,-122.4183401,amenity,cafe,Jane On Larkin,06075012202
2698387925,37.7902045,-122.420782,shop,supermarket,Golden Farmer Market,06075011102
2698395558,37.7899499,-122.4206855,amenity,bar,Hi-Lo Club,06075011102
2698422283,37.7906594,-122.4210931,,,Keller Williams Realty,06075011101
2698582003,37.7835223,-122.395938,,,Twilio,06075061502
2699012383,37.794494,-122.4237368,amenity,bank,Sterling Bank,06075013101
2700326844,37.793845,-122.403525,,,Revestor,06075061101
2701812242,37.79198,-122.3987337,,,"Lookout, Inc.",06075011700
2704703748,37.7970779,-122.4272116,shop,convenience,Blue Fog Market,06075013001
2710274163,37.7215808,-122.475618,amenity,cafe,SFSU Station Cafe,06075033201
2713394902,37.7216724,-122.4781406,amenity,cafe,Peet's Coffee,06075033201
2713441806,37.7217797,-122.4760984,amenity,cafe,HSS Room 121 Cafe,06075033201
2713447257,37.7231247,-122.4809232,amenity,bank,U.S. Bank,06075033201
2715021824,37.764197,-122.4659407,amenity,cafe,Posh Bagel,06075030202
2718062344,37.7719259,-122.430317,amenity,cafe,Coffee Out There,06075016801
2722757442,37.762626,-122.4147308,,,Monte Stott & Associates,06075022801
2722757445,37.7632133,-122.4152781,,,Malcolm Davis Architecture,06075022801
2722757446,37.7635121,-122.416377,amenity,cafe,Robin's Cafe,06075022801
2724725641,37.7221622,-122.4788561,amenity,bar,The PUB@SFSU,06075033201
2726290724,37.7231598,-122.4830003,amenity,bank,,06075033201
2750810774,37.7973699,-122.4356968,amenity,bar,Mauna Loa Cocktails,06075013002
2780648988,37.7868135,-122.451411,,,Charles Schwab,06075013300
2786939583,37.7764572,-122.4379121,amenity,cafe,The Mill,06075016400
2814604263,37.7967791,-122.4034588,,,Istituto Italiano di Cultura,06075061101
2815132110,37.7768129,-122.4180548,amenity,bar,The Beer Hall,06075012405
2815191083,37.7787802,-122.3913315,amenity,cafe,Bravado,06075060701
2817389220,37.7868721,-122.399564,,,Werqwise,06075061501
2819256151,37.773267,-122.435627,shop,convenience,Oak Fair Market,06075016700
2820055387,37.7196525,-122.4250827,amenity,school,City Arts and Tech High School,06075980501
2820055389,37.7186974,-122.4247072,amenity,school,June Jordan School for Equity,06075980501
2823796133,37.7943358,-122.4011662,amenity,bank,Umpqua Bank,06075061101
2827539158,37.7922062,-122.39819,,,Raven Office Centers,06075011700
2869308732,37.7615674,-122.4489819,shop,convenience,Adel's Wine Cellar,06075030102
2869372593,37.7885328,-122.3981521,amenity,cafe,Special Xtra,06075061501
2869403684,37.7719031,-122.4134818,,,42Floors,06075017803
2879135417,37.7508668,-122.4162912,amenity,bar,The Phone Booth,06075020900
2879135420,37.7841206,-122.4105077,amenity,bar,Pandora Karaoke Bar,06075012503
2880793633,37.7931547,-122.4213525,amenity,cafe,The Crepe House,06075011001
2881830804,37.775488,-122.4159,amenity,cafe,Cumaica,06075017603
2894780858,37.7760931,-122.4184162,,,Dolan Law Firm,06075012405
2895323815,37.7752166,-122.4195185,amenity,cafe,All Star Cafe,06075016802
2907768031,37.7479669,-122.4762164,,,"JODI Group, Inc.",06075032801
2923578988,37.7945605,-122.4070074,amenity,place_of_worship,Tin How Temple,06075061102
2929804376,37.797255,-122.4202136,,,Cybus Management,06075010901
2941409392,37.7904964,-122.403818,amenity,bar,Rickhouse,06075011700
2956095526,37.7725007,-122.4130011,amenity,cafe,Sextant Coffee Roasters,06075017803
2956812337,37.7908059,-122.4121671,shop,convenience,Pine-Taylor Market,06075011902
2988910736,37.7751691,-122.410073,amenity,cafe,El Capitan Taqueria,06075017804
2996292602,37.7517903,-122.4276515,amenity,bank,Sterling Bank and Trust,06075021100
3002990375,37.7514873,-122.4294994,,,Alain Pinel Realtors,06075021400
3008209423,37.7516682,-122.4295255,amenity,cafe,La Boulangerie de San Francisco,06075021100
3008209425,37.7517045,-122.4289873,amenity,cafe,Martha and Bros. Coffee Co.,06075021100
3009030188,37.7517098,-122.4287008,,,Alain Pinel Realtors,06075021100
3009239585,37.7697867,-122.4197345,,,State Parole Office,06075020101
3009487838,37.7682232,-122.4193356,shop,convenience,New Star Market,06075020101
3018753922,37.7931005,-122.421082,amenity,bar,Amélie,06075011001
3023246624,37.7516112,-122.4305108,amenity,bank,Umpqua Bank,06075021100
3049651523,37.7269459,-122.3880688,,,Anresco Microtracers,06075023200
3061387376,37.7875747,-122.4032007,amenity,bar,Local Edition,06075061501
3064415733,37.7989629,-122.4084952,amenity,cafe,Caffè Greco,06075010702
3067864533,37.803113,-122.4098541,shop,convenience,Lombard Heights Market,06075010401
3085515638,37.7895579,-122.397598,amenity,cafe,Starbucks,06075061501
3088435531,37.758486,-122.423328,shop,convenience,F & G Grocery,06075020701
3111652169,37.8038845,-122.4131205,amenity,cafe,Cafe Capriccio,06075010102
3132832976,37.7563653,-122.442856,,,Indian Web Development,06075020401
3135704977,37.7906404,-122.405996,,,Consulate General of Ukraine,06075011700
3148123212,37.7980158,-122.4085608,amenity,bank,Chase,06075010701
3148123214,37.7979062,-122.4085421,shop,supermarket,Pang Kee Bargain Market,06075010701
3148123215,37.798411,-122.4086385,shop,supermarket,"Sun Kau Shing Co., Inc.",06075010701
3166823777,37.7468054,-122.4268362,,,State Farm,06075021500
3166823797,37.7460297,-122.4267692,amenity,cafe,Martha & Bros. Coffee Company,06075021500
3174203338,37.7913158,-122.3928174,amenity,bank,Chase,06075061507
3179218482,37.7453958,-122.4270213,,,Gordon Property Management,06075021500
3183085927,37.7452193,-122.4266861,shop,convenience,Chuck's Sun Valley Grocery,06075021500
3184077145,37.7532518,-122.4209465,amenity,place_of_worship,Templo de la Fe,06075021000
3184077152,37.7528245,-122.4208996,amenity,cafe,The Brazilian Spot,06075021000
3186093218,37.7769552,-122.416637,,,Runway Incubator,06075017603
3189064943,37.7969094,-122.4302557,shop,convenience,Green Street Market,06075013001
3189444967,37.7816176,-122.4557101,amenity,cafe,Earth's Coffee,06075015401
3189444968,37.7815646,-122.4568249,amenity,cafe,Cup & Cake Cafe,06075015401
3189444971,37.7813381,-122.4544157,amenity,bank,Chase,06075015600
3189444972,37.7815599,-122.4529893,amenity,cafe,fifty\/fifty,06075015701
3189444973,37.7816366,-122.4522748,amenity,cafe,Royal Ground Coffee,06075015701
3199949652,37.8047249,-122.4119446,amenity,cafe,Cafe Francisco,06075010102
3214153061,37.7390299,-122.4171535,amenity,bar,Wild Side West,06075025401
3225130303,37.7928108,-122.4047424,,,BRIDGE Housing Corporation,06075011800
3230311995,37.79407,-122.394918,,,Project Management Academy,06075061507
3238659965,37.7916503,-122.4190711,shop,convenience,Larkin Corner Market,06075011101
3238951568,37.7886419,-122.4292622,,,Japanese Community Youth Council,06075015202
3243807462,37.7927384,-122.4225661,shop,convenience,Van Ness Liquor Wine & Spirits,06075011001
3252584495,37.7635762,-122.415324,,,Pacific Interment,06075022801
3274016192,37.7644949,-122.3959775,,,IwamotoScott Architecture,06075022702
3275185914,37.7704969,-122.443983,amenity,bar,Sunshine Coast: Hookah Fusion Bar,06075016601
3277643561,37.7650546,-122.414262,,,Ace Mailing,06075017700
3277728940,37.7746045,-122.5099813,amenity,cafe,Ocean Beach Cafe,06075047904
3277801205,37.7756962,-122.4180838,,,Uber,06075017603
3279458748,37.7577226,-122.409452,amenity,bar,Asiento,06075022801
3284521960,37.7623779,-122.414107,,,Zore Law,06075022801
3301309461,37.761,-122.488967,,,MYC Realty Group,06075032700
3303358570,37.808049,-122.413948,shop,convenience,7-Eleven,06075010101
3317123885,37.776777,-122.424779,amenity,cafe,La Boulangerie,06075016200
3321557809,37.8067461,-122.432179,,,The Long Now Foundation,06075012602
3321734312,37.7760172,-122.4314951,amenity,cafe,Alamo Square Cafe,06075016300
3328730553,37.7436933,-122.428483,,,Farmers Insurance - Elbert Taylor Agency,06075021500
3345150442,37.7648514,-122.4192304,,,Samasource,06075020102
3345153621,37.8055774,-122.4280771,,,Golden Gate National Parks Conservancy,06075012602
3345153622,37.8055689,-122.4283534,amenity,ranger_station,Golden Gate National Recreation Area Park Headquarters,06075012602
3347152168,37.8010257,-122.3987128,amenity,cafe,Seismic Joint Café,06075010500
3360885250,37.8043401,-122.4289423,,,San Francisco Conservation Corps,06075012602
3374162750,37.7757279,-122.4150425,amenity,bar,OddJob,06075017603
3376135508,37.7884234,-122.4165679,shop,supermarket,Sutter Fine Foods,06075012001
3376884814,37.7141742,-122.4364796,amenity,bar,Geneva Pub,06075026301
3376951791,37.7283618,-122.394102,amenity,cafe,Bloomstock,06075023300
3379321525,37.8001664,-122.437654,amenity,bar,Nectar Wine Lounge,06075012802
3379996811,37.8002095,-122.4402624,amenity,bar,Campus - San Francisco,06075012802
3380825007,37.7999053,-122.4425316,,,Barbagelata Real Estate,06075012801
3388665493,37.77638,-122.42589,amenity,bar,Gambit Lounge,06075016200
3393420459,37.7893321,-122.4068135,amenity,cafe,Starbucks,06075011700
3397982293,37.7859932,-122.4050282,amenity,cafe,Peet's Coffee,06075061501
3400370174,37.7636128,-122.4734253,amenity,cafe,Hollow,06075030201
3408837756,37.7900206,-122.4056559,amenity,bar,Sool Bar and Lounge,06075011700
3409669041,37.7898689,-122.4061028,amenity,cafe,Sutter Cafe,06075011700
3417619910,37.7638106,-122.466462,amenity,cafe,Beanery,06075030202
3441197308,37.7486032,-122.4268911,,,Howe's Tax & Bookkeeping,06075021400
3441484302,37.7440923,-122.4220729,amenity,bar,Rock Bar,06075025300
3455072152,37.7867743,-122.39241,,,gvs,06075061506
3455072154,37.7841129,-122.395186,,,SIE,06075061502
3455075355,37.783221,-122.3979963,amenity,cafe,Cafe du Soleil,06075061503
3455075359,37.7841938,-122.3992108,amenity,bar,SPiN SF,06075061503
3458525149,37.7768231,-122.4243782,amenity,bar,Brass Tacks,06075016200
3458693040,37.7243417,-122.4841447,amenity,cafe,Cafe In The Park,06075033201
3474438154,37.7521445,-122.423049,amenity,cafe,Jump Start Coffee & Grocery,06075021000
3489778568,37.7813621,-122.4190293,amenity,bank,Golden 1 Credit Union,06075012405
3489808695,37.7897377,-122.420689,amenity,cafe,Juniper,06075011102
3489924891,37.7779289,-122.4382388,shop,convenience,Save More Liquor and Grocery,06075015802
3500120299,37.7828391,-122.470542,amenity,cafe,Cafe la Flore,06075040200
3504141935,37.7514168,-122.4339129,amenity,bank,Bank of America,06075021100
3522479598,37.764262,-122.464394,amenity,cafe,Beanery,06075030202
3524458050,37.7839057,-122.4819672,shop,supermarket,6001 California Market (Appel & Dietrich),06075042601
3527319037,37.7779236,-122.4073152,,,Goldman Architects,06075017804
3529576042,37.7697007,-122.466756,amenity,cafe,Academy Cafe,06075980300
3529576043,37.7691802,-122.4667845,amenity,cafe,Terrace cafe,06075980300
3532719200,37.7719568,-122.4054484,,,Airbnb,06075018000
3534945478,37.7724625,-122.3890706,amenity,police,SFPD Headquarters,06075060701
3534945479,37.7722356,-122.3890443,amenity,police,SFPD Southern Police Station,06075060701
3540104120,37.7404899,-122.4664515,shop,convenience,West Portal Daily,06075030800
3540104121,37.7403265,-122.4666125,amenity,cafe,Peet's Coffee,06075030800
3540160997,37.7394191,-122.4670841,amenity,bank,Sterling Bank & Trust,06075030800
3540161001,37.7389501,-122.4676699,amenity,bar,The Sherwood Cocktails and Lounge,06075030800
3540255593,37.740405,-122.466539,amenity,bar,McCarthy‘s Irish Bar,06075030800
3540255594,37.7372645,-122.4698111,,,First American Title Insurance Company,06075030800
3540255699,37.7367207,-122.4702526,,,Stewart Title,06075030800
3540255701,37.7385028,-122.468169,amenity,prep_school,Kumon,06075030800
3540255994,37.738532,-122.4678624,,,Zephyr Real Estate,06075030800
3542728897,37.7373445,-122.4702143,,,Raymond James,06075030800
3542728903,37.7378039,-122.469558,,,Mary Zell Spellman,06075030800
3542728995,37.7378267,-122.4695254,,,Frosch Travel,06075030800
3542750193,37.7372086,-122.4702675,,,H&R Block,06075030800
3545343709,37.744436,-122.4530137,amenity,bank,Tri Counties Bank,06075030600
3545344096,37.7444725,-122.4529427,shop,convenience,Miraloma Liquors,06075030600
3545344201,37.7439096,-122.4536442,,,Cruises & Beyond,06075030600
3545345699,37.7438818,-122.4536779,amenity,bar,Miraloma Club,06075030600
3545345701,37.7445969,-122.452742,,,Berkshire Hathaway HomeServices,06075030600
3545348394,37.7446634,-122.4526288,amenity,cafe,Creighton's Cafe & Bakery,06075030600
3545350294,37.7439573,-122.453586,amenity,cafe,Pop's Sandwich Shop,06075030600
3545461134,37.7446359,-122.4526743,amenity,cafe,Starbucks,06075030600
3559573562,37.7404952,-122.4659263,shop,convenience,Eezy Freezy,06075030800
3562957693,37.7427094,-122.4808806,amenity,cafe,Tea for Me,06075033002
3562957694,37.742708,-122.4809329,amenity,bar,Dragon Lounge,06075033002
3562957695,37.7427513,-122.4796494,amenity,school,Inspire Music Center,06075033002
3563920172,37.7710733,-122.4029823,,,Schawk!,06075018000
3564515773,37.7430986,-122.4776508,amenity,cafe,Quickly,06075032801
3564521986,37.7427662,-122.479296,shop,supermarket,Good Luck Market,06075033002
3565166179,37.7949053,-122.4214053,amenity,cafe,Cafe Réveille,06075011002
3567489498,37.7708073,-122.4033554,,,Practice Fusion,06075018000
3567667846,37.7964832,-122.4108642,,,D.W. graphics & sign,06075010701
3575638143,37.7220332,-122.4796446,,,Anthropology,06075033201
3575638144,37.722341,-122.4803463,,,Art,06075033201
3575638145,37.7234763,-122.4764583,,,Biology,06075033201
3575638146,37.7217428,-122.4794958,,,Broadcast and Electronic Communication Arts,06075033201
3575638147,37.7241246,-122.4768166,,,Chemistry and Biochemistry,06075033201
3575638148,37.7222598,-122.4797161,,,,06075033201
3575638150,37.7240367,-122.4768238,,,Computer Science,06075033201
3575638151,37.7221641,-122.4810969,,,Creative Writing,06075033201
3575638152,37.7219107,-122.4768586,,,Decision Sciences,06075033201
3575638153,37.7220037,-122.4798582,,,Design and Industry,06075033201
3575638154,37.7242277,-122.4768097,,,Earth & Climate Science,06075033201
3575638155,37.7229791,-122.479973,,,Elementary Education,06075033201
3575638156,37.7220788,-122.4807272,,,English,06075033201
3575638157,37.7221665,-122.481181,,,Foreign Languages and Literatures,06075033201
3575638158,37.7222958,-122.4761757,,,Geography & Environment,06075033201
3575638159,37.7218387,-122.4768867,,,Hospitality & Tourism Management,06075033201
3575638160,37.7227039,-122.4808735,,,Humanities,06075033201
3575638161,37.7218087,-122.476218,,,International Relations,06075033201
3575638162,37.7228175,-122.4811551,,,Jewish Studies,06075033201
3575638164,37.7231551,-122.4797928,,,Liberal Studies,06075033201
3575638165,37.7239725,-122.4770119,,,Mathematics,06075033201
3575638166,37.7225662,-122.4813501,,,Philosophy,06075033201
3575638167,37.7236872,-122.4768458,,,Physics & Astronomy,06075033201
3575638168,37.7220164,-122.4761178,,,Political Science,06075033201
3575638169,37.7233658,-122.4792869,,,Psychology,06075033201
3575638172,37.7229384,-122.479984,,,Secondary Education,06075033201
3575638173,37.7230346,-122.4793681,,,Special Education & Communicative Disorders,06075033201
3575638174,37.7217768,-122.4796288,,,Theatre Arts,06075033201
3575638175,37.7226958,-122.4811303,,,Women & Gender Studies,06075033201
3577376253,37.7437445,-122.4246216,amenity,bar,The Bar on Dolores,06075021500
3577449193,37.7641132,-122.4329134,amenity,bank,BMO,06075020300
3577596493,37.7702061,-122.402253,amenity,cafe,i'a poke,06075060702
3590392021,37.743828,-122.4262587,,,American Eagle Consulting & Bookkeeping,06075021500
3597327597,37.7776992,-122.3918514,,,Webcor,06075060703
3604311619,37.779942,-122.3917091,,,Realm,06075061502
3609388694,37.7981805,-122.4187129,,,Lemanski & Rockwell Architects Inc,06075010901
3611822692,37.7881229,-122.421632,amenity,bar,Route 101,06075012001
3622464002,37.7408294,-122.4654436,amenity,bar,Philosophers Club,06075030800
3622501804,37.7385712,-122.468633,,,Supreme Lending,06075030800
3622518796,37.7383964,-122.4688604,,,Nelson Louie & Wong,06075030800
3622521497,37.7397522,-122.467501,,,Century 21,06075030800
3622533393,37.7396303,-122.46741,,,Charles Schwab,06075030800
3630460031,37.7429532,-122.4700815,,,Suarez-Kuehne,06075030800
3633164824,37.7434864,-122.4685138,,,"Baynet & Company, Inc.",06075030400
3633581917,37.7433528,-122.4717976,,,Irene Tsang Insurance Agency,06075030400
3634308480,37.7641987,-122.4658639,amenity,bar,Yancy's Saloon,06075030202
3634734002,37.7434692,-122.4689154,,,Ditler Real Estate,06075030400
3634734005,37.7429174,-122.4693975,amenity,place_of_worship,Bay Church,06075030800
3634735197,37.7435265,-122.4712545,,,J.B. Shea Insurance Agency,06075030400
3634736594,37.7434759,-122.4688087,,,,06075030400
3634748093,37.7434796,-122.4687779,,,Ameristate Properties,06075030400
3635511794,37.7395108,-122.4668374,,,MacPherson & MacPherson,06075030800
3635632294,37.7394893,-122.4668143,,,West Portal Counseling Associates,06075030800
3635687395,37.7401756,-122.4670706,,,Mark A. Shustoff,06075030800
3635687396,37.7401831,-122.4670561,,,Lawrence A. Smith,06075030800
3641568148,37.7762395,-122.4168763,amenity,cafe,Blue Bottle Coffee,06075017603
3641710571,37.7764867,-122.4116366,shop,supermarket,Harvest Urban Market,06075017603
3642082213,37.787049,-122.4013107,amenity,bar,Novela,06075061501
3642090338,37.7868383,-122.3985675,amenity,cafe,SOMA Eats,06075061501
3642090340,37.7875676,-122.3985473,amenity,bar,Natoma Cabana,06075061501
3646668306,37.7495619,-122.460544,,,Mosher Financial,06075030400
3646668604,37.7494506,-122.4606599,,,San Francisco Public Defender's Juvenile Justice Center,06075030400
3648081328,37.7425855,-122.4891017,,,,06075032901
3648092326,37.7425182,-122.4903566,amenity,cafe,Chalos,06075032901
3648686275,37.7841613,-122.4175749,shop,convenience,Rainbow Market & Deli,06075012403
3656998556,37.7638958,-122.4668187,amenity,bank,Sterling Bank & Trust,06075030202
3657172981,37.7630712,-122.4661286,amenity,cafe,Snowbird Coffee,06075030202
3657172997,37.7624104,-122.4660712,amenity,cafe,San Francisco Tea & Coffee Company,06075030202
3658310526,37.7638465,-122.4677686,,,United Policyholders,06075030202
3658310528,37.7637154,-122.4664518,amenity,bar,Mucky Duck,06075030202
3658310636,37.7638842,-122.4671902,,,BCI Real Estate Services,06075030202
3658310637,37.7638902,-122.467048,amenity,cafe,Milk Tea Lab,06075030202
3658311027,37.7638269,-122.4683007,shop,convenience,Eddy's Market,06075030202
3658329125,37.7638728,-122.466458,,,Danfoura Law,06075030202
3658329128,37.7623056,-122.4663437,amenity,cafe,Donut World,06075030202
3660306838,37.7817167,-122.4186499,amenity,cafe,Cafe 450 Eurest Dining,06075012405
3660306839,37.7819699,-122.418683,,,Federal Bureau of Investigation San Francisco Field Office,06075012405
3663863508,37.8002496,-122.4098721,amenity,cafe,Mario's Bohemian Cigar Store Cafe,06075010600
3663873573,37.7999827,-122.4093604,amenity,cafe,Caffè Roma,06075010600
3663976016,37.7552947,-122.4229151,amenity,bar,Lone Palm,06075020701
3663976017,37.755278,-122.4230438,shop,convenience,Guerrero Market,06075020701
3667700832,37.7642801,-122.4639153,,,Jackson Fuller Real Estate,06075030101
3667700926,37.7642843,-122.4637059,amenity,bar,Foghorn Taproom,06075030101
3667880727,37.7642124,-122.4656453,amenity,cafe,Poke Origin,06075030202
3667880931,37.7639974,-122.4643912,amenity,bar,Fireside Bar,06075030202
3667881225,37.7620597,-122.4659325,amenity,prep_school,Ciclo Sewing Lab,06075030202
3667881625,37.7621197,-122.4649701,shop,convenience,Five Markets,06075030202
3669469797,37.7769228,-122.4159354,amenity,bank,First Republic,06075017603
3674255658,37.7649251,-122.4665715,amenity,cafe,Little Sweet,06075030202
3674255690,37.7658005,-122.465855,amenity,cafe,Sip Tea Room,06075030202
3675574681,37.7853121,-122.4161155,amenity,bar,The Nite Cap,06075012204
3681628155,37.7628446,-122.471412,amenity,language_school,Saint Anne's Chinese School,06075030201
3684500782,37.7608676,-122.4337728,amenity,bar,Moby Dick,06075020601
3686447521,37.7637916,-122.469159,amenity,cafe,Peasant Pies,06075030202
3686450976,37.7641267,-122.4681063,shop,convenience,Sakura,06075030202
3688683731,37.7637817,-122.4693255,amenity,cafe,Earth Tone Cafe,06075030202
3692778026,37.7640283,-122.4639425,amenity,cafe,Momo Tea,06075030101
3699162136,37.7426455,-122.481859,amenity,cafe,Marco Polo Italian Ice Cream,06075033002
3699162139,37.742937,-122.481211,amenity,cafe,El Café,06075032801
3699162140,37.742896,-122.4824066,amenity,cafe,Lou's Cafe,06075032801
3702076696,37.7253598,-122.4528514,amenity,cafe,Chasing Lions Cafe,06075031000
3702219079,37.8000247,-122.408984,amenity,bar,Tony Nik's Cafe,06075010600
3714379387,37.7836273,-122.4089761,,,Hack Reactor,06075012503
3740699568,37.7544797,-122.4211054,amenity,bar,Tinto,06075021000
3781718459,37.7429217,-122.4815993,,,Farmers Insurance,06075032801
3781718462,37.7427131,-122.480495,,,First National Realty,06075033002
3781718468,37.742766,-122.4786458,,,"Lynda Chang, CPA",06075033002
3781718469,37.7427955,-122.4786124,amenity,cafe,The Deli King,06075033002
3781718567,37.7427679,-122.4786123,,,Interstate Tax Service,06075033002
3781718568,37.7427979,-122.478571,amenity,cafe,Super Cue,06075033002
3781718569,37.7428079,-122.4784037,amenity,cafe,Antigua,06075033002
3781718758,37.7427052,-122.4807838,,,Care for Seniors,06075033002
3781719157,37.7429168,-122.481651,,,Intero San Francisco,06075032801
3781719158,37.7429274,-122.4813369,amenity,training,the Learning Place,06075032801
3789688057,37.7745113,-122.41094,amenity,cafe,café suspiro,06075017803
3790822857,37.7653238,-122.4528917,shop,convenience,Simple,06075030101
3790822864,37.7662623,-122.453074,shop,convenience,Parkview Market,06075030101
3790823457,37.7643959,-122.4526937,shop,convenience,Sunny Country Foods,06075030102
3799946959,37.7973068,-122.4345787,amenity,bar,The Brixton,06075013002
3801395648,37.7696736,-122.4506115,amenity,cafe,Coffee Cantata,06075016602
3801395653,37.7703672,-122.453137,amenity,school,San Francisco High School of the Arts,06075016602
3801395698,37.7696489,-122.4507189,amenity,bank,Wells Fargo,06075016602
3805998628,37.7222655,-122.4756425,,,Institute for Geographic Information Science,06075033201
3808454918,37.7908156,-122.4198906,amenity,bar,ZHUZH,06075011101
3811445840,37.7598361,-122.4235009,amenity,cafe,Java Supreme,06075020701
3811469214,37.7631425,-122.4264617,amenity,cafe,Maxfield's House of Caffeine,06075020300
3811475327,37.7614011,-122.4247039,shop,supermarket;convenience,Bi-Rite Market,06075020702
3815076557,37.7630785,-122.4229214,amenity,place_of_worship,Cornerstone SF Church,06075020702
3840285257,37.7391686,-122.4164133,,,2M Architecture,06075025200
3850073315,37.7639653,-122.4127878,shop,supermarket,Gus's Community Market,06075022801
3853311617,37.7678129,-122.429452,amenity,bar,Last Rites,06075016900
3857827557,37.749437,-122.413623,shop,supermarket,Rubin's Market,06075022901
3869559835,37.7974628,-122.4185854,amenity,cafe,The Soap Box Cafe,06075010901
3873879798,37.7770322,-122.4231714,amenity,bar,Afterwork Bar,06075016200
3882858057,37.8023485,-122.397753,,,Consulate General of Switzerland in San Francisco,06075010500
3883822524,37.7616133,-122.4197085,shop,convenience,International Produce Market,06075020802
3891920943,37.7935066,-122.4044342,,,United Way Bay Area,06075011700
3899202702,37.7651507,-122.4601078,shop,convenience,UC Market,06075030101
3931497662,37.7926749,-122.399686,amenity,bank,Tri Counties Bank,06075011700
3931497663,37.7899577,-122.4113323,amenity,bar,Key Klub,06075011902
3960697185,37.8000847,-122.4356751,amenity,bar,Stock in Trade,06075012902
3962737526,37.7514851,-122.4327468,,,Zephyr Real Estate,06075021100
3965698511,37.8095862,-122.4102833,amenity,cafe,Crepe Cafe,06075010101
3965731542,37.7821167,-122.447215,amenity,cafe,Starbucks,06075015702
3969567204,37.7950707,-122.409663,,,Global Import & Export tranding Co.,06075011300
3969574174,37.7955571,-122.4097712,amenity,cafe,Ha Tea,06075011300
3969574176,37.795529,-122.4100247,shop,supermarket,Kiki Supermarket,06075011300
3969574178,37.7953814,-122.4099955,,,DPR Construction,06075011300
3969590468,37.7965633,-122.4102322,shop,convenience,Powell Grocery,06075010701
3969590471,37.796389,-122.4104252,,,Myanmar Overseas Youth Club,06075011300
3969593222,37.7960469,-122.4131132,,,Constead Chiropractic Clinic,06075010800
3969606065,37.7955278,-122.4184582,amenity,bar,Cafe Muse,06075011002
3969606066,37.795563,-122.4182,shop,convenience,Hyde & Pacific Liquors,06075011002
3969664042,37.7959923,-122.4042487,,,Asian Law Caucus,06075061101
3969668823,37.7957821,-122.4039263,,,NutraWorks,06075061101
3969668824,37.7958126,-122.4039575,,,PostureWorks,06075061101
3975084409,37.7974759,-122.4089937,,,Yin Yin Job Service,06075010701
3975084432,37.7974828,-122.4089608,,,Meng Trading Co,06075010701
3975094188,37.7973254,-122.4099995,amenity,bar,HolyCraft Brewery,06075010701
3975115565,37.7815526,-122.4927017,amenity,cafe,Garden House Cafe,06075042700
3976419686,37.7976965,-122.4068806,amenity,bank,Wells Fargo,06075010701
3976445299,37.7963554,-122.4048645,amenity,bank,EastWest Unibank,06075061101
3976445301,37.7961644,-122.4049775,,,International Hotel Manilatown Center,06075061101
3976476476,37.7971411,-122.410704,,,Wu Yee Children's Services,06075010701
3984165039,37.7989822,-122.4090381,amenity,bar,Vieni Vieni,06075010702
3985400819,37.7962828,-122.4053136,amenity,cafe,Quickly,06075061101
3985400820,37.7963509,-122.4053256,amenity,bar,Grasslands Bar & Lounge,06075061101
3986855420,37.7968719,-122.4054936,amenity,cafe,Happy Donut,06075061101
3987038855,37.7975878,-122.409965,amenity,cafe,Tancca,06075010701
3993039692,37.7632843,-122.4807189,amenity,cafe,Sunrise Deli,06075032601
3993039693,37.7635139,-122.481186,amenity,cafe,iTea,06075032601
3996613639,37.7390411,-122.4790464,,,Far East Mortgage Company,06075033002
3998720681,37.7640522,-122.4127986,amenity,cafe,Andytown Coffee Roasters,06075022801
4002028591,37.7621737,-122.4631356,amenity,cafe,Golden Bear Trading Company,06075030101
4003389595,37.7744927,-122.4123255,,,MEI Architects,06075017803
4004801813,37.7887695,-122.4206788,amenity,cafe,Sammy's Cafe,06075011102
4004802367,37.7887042,-122.4217777,,,Compass,06075011102
4004802370,37.7885809,-122.4222054,amenity,cafe,Starbucks,06075015100
4004977098,37.7768378,-122.4225403,amenity,bar,Sugar Lounge,06075016200
4010355532,37.765011,-122.4226685,amenity,cafe,Stanza,06075020201
4010358883,37.7694781,-122.45012,amenity,cafe,Stanza,06075016602
4010401866,37.8067715,-122.4321258,amenity,bar,The Interval,06075012602
4012290644,37.797788,-122.4307879,amenity,bank,Wells Fargo,06075013002
4012383153,37.7974021,-122.4319871,amenity,bank,Bank of America,06075013002
4015798336,37.7631135,-122.4847657,amenity,bank,Sterling Bank,06075032602
4017220288,37.7970928,-122.4086681,shop,supermarket,J & L Vegi Supermarket,06075010701
4017220491,37.7971632,-122.4087001,,,China Central Service,06075010701
4017234490,37.7635881,-122.479654,,,Park North,06075032601
4017234495,37.7636934,-122.4774093,amenity,cafe,Starbucks,06075032601
4017234499,37.7636372,-122.4785512,amenity,bar,Silver Spur,06075032601
4017234508,37.7630973,-122.4800756,,,Alexis Haselberger Coaching and Consulting,06075032601
4017234595,37.7636672,-122.4779929,amenity,bank,U.S. Bank,06075032601
4017234695,37.7633456,-122.4794373,amenity,bank,Bank of the Orient,06075032601
4017234696,37.7633786,-122.4785536,amenity,music_school,Music City Academy,06075032601
4017234697,37.7633809,-122.478515,amenity,cafe,Oh Dessert Cafe,06075032601
4017234700,37.763189,-122.4783487,amenity,prep_school,Pel Learning Center,06075032601
4017234892,37.764224,-122.4784011,amenity,music_school,San Francisco String Academy,06075032601
4017234898,37.7632993,-122.4801918,amenity,cafe,Uncle Benny's Donut & Bagel,06075032601
4017234899,37.7633065,-122.4799506,amenity,cafe,Wonderful Foods,06075032601
4018792591,37.7632392,-122.4816392,shop,convenience,S&B Supermarket,06075032601
4018792593,37.7632091,-122.4822785,amenity,cafe,Happy Bakery \/ Dim Sum To Go,06075032601
4018792605,37.7631184,-122.4844842,,,Lotus Tao SF,06075032601
4018792607,37.7634692,-122.482356,amenity,cafe,SK Tea,06075032601
4018792609,37.7634768,-122.4821333,amenity,cafe,Sawaii Ramen,06075032601
4018792616,37.7632809,-122.480853,amenity,cafe,1011 Sip Tea,06075032601
4018792690,37.7632324,-122.481785,amenity,bank,East West Bank,06075032601
4018792695,37.7632175,-122.482201,shop,convenience,Heartland Healthy Food,06075032601
4018792703,37.7634287,-122.483337,,,Coldwell Banker,06075032601
4018792706,37.7634791,-122.4818861,amenity,cafe,TC Pastry,06075032601
4018792714,37.7635164,-122.481097,amenity,cafe,Not Latte,06075032601
4018792717,37.763534,-122.4807482,amenity,cafe,Quickly,06075032601
4018793189,37.7636296,-122.482377,,,Asia Pacific Groups,06075032601
4018980288,37.7968665,-122.407988,shop,supermarket,New Asia Market,06075010701
4018981891,37.7968997,-122.4077064,,,Hogan and Vest Inc,06075010701
4020353440,37.7755565,-122.4380591,amenity,bar,Fool's Errand,06075016400
4022626946,37.8070713,-122.4307755,,,World Arts West,06075012602
4022645777,37.8058904,-122.4317203,,,Off the Grid,06075012602
4022645780,37.8069085,-122.4314506,,,Environmental Traveling Companions,06075012602
4022656014,37.8070428,-122.4314698,amenity,cafe,Goody Cafe,06075012602
4022691832,37.7869651,-122.4197889,amenity,bar,Jackalope,06075012002
4022923930,37.7961026,-122.4052933,,,Chinatown One Stop Career Link Center,06075061101
4024227022,37.7968956,-122.410289,shop,convenience,Sam & Son Market,06075010701
4024227024,37.7971247,-122.4103452,amenity,bank,Metropolitan Bank,06075010701
4024246508,37.7927364,-122.4212524,amenity,bar,The Cinch Saloon,06075011001
4030143560,37.7592203,-122.4111877,amenity,bar,Trick Dog,06075022801
4030511698,37.7715221,-122.4369416,amenity,cafe,Bus Stop Pizza,06075016700
4030525941,37.7716152,-122.4352763,shop,convenience,Santa Clara Natural Organic Market,06075016700
4030526213,37.771413,-122.4350931,amenity,cafe,The Grind Cafe,06075016700
4030526217,37.7716345,-122.4350418,,,Swann Group,06075016700
4030552489,37.7716059,-122.4369675,amenity,cafe,Souvenir Coffee,06075016700
4030622426,37.769195,-122.4315398,amenity,cafe,Duboce Park Cafe,06075016900
4033949293,37.7786289,-122.4157915,shop,convenience,New York Tobacco,06075012405
4037728124,37.772671,-122.4227758,,,San Francisco Bicycle Coalition,06075016802
4039511536,37.7952077,-122.4065929,amenity,bar,Buddha,06075061102
4039511538,37.7950693,-122.4062602,amenity,bank,EastWest Unibank,06075061101
4039697295,37.7914134,-122.4207322,amenity,cafe,Common Sage,06075011101
4042516589,37.7426831,-122.4867999,,,Weiner and Associates Realtors,06075032901
4042933292,37.7802539,-122.4854036,amenity,cafe,Joe's Coffee Shop,06075042700
4047373297,37.7623886,-122.4192416,shop,convenience,Mi Ranchito Produce,06075020802
4055481595,37.7961947,-122.4065803,amenity,bank,Citibank,06075061101
4055481596,37.7961449,-122.4064364,amenity,bar,Red's Place,06075061101
4057348979,37.7578339,-122.388076,amenity,cafe,Humphry Slocombe Dogpatch,06075022600
4060877701,37.7626483,-122.4196213,shop,convenience,Quic Qic Groceries,06075020802
4060877703,37.7628614,-122.419641,shop,convenience,Mission Grocery,06075020802
4060877705,37.7629961,-122.4196485,amenity,place_of_worship,Iglesia Pentecostes Hebreos 11:6,06075020802
4062437468,37.7796562,-122.4144116,amenity,cafe,United Nations Cafe,06075012405
4062451566,37.7717188,-122.422727,shop,convenience,Valmar Supermarket,06075020202
4064534753,37.7909494,-122.4189316,amenity,cafe,CityPop,06075011101
4069431998,37.7432878,-122.4731327,,,Shamrock Realty,06075030400
4069447304,37.743183,-122.4753408,amenity,place_of_worship,The Church of God in San Francisco,06075030400
4071080492,37.76406,-122.4726828,,,Problem Library,06075030201
4071080496,37.7638198,-122.474208,,,J. Vanderweele,06075030201
4071080689,37.7639184,-122.4723866,amenity,cafe,Cafe La Flore,06075030201
4071080690,37.7639102,-122.472468,amenity,cafe,The Game Parlour,06075030201
4071080697,37.7636117,-122.4733994,,,Dawn Kirker Designs,06075030201
4071080701,37.7636438,-122.472658,,,Farmers Insurance,06075030201
4071080789,37.7639038,-122.4726646,amenity,bar,The Sage & Drifter,06075030201
4071081090,37.7638159,-122.474291,,,Farmers Insurance,06075030201
4074351638,37.7955234,-122.4061886,,,AmeriaSia Invesment Realty,06075061101
4075218516,37.8045502,-122.43382,amenity,cafe,Starbucks,06075012602
4077362417,37.7961267,-122.4068027,amenity,bank,Industrial and Commercial Bank of China,06075061102
4077374389,37.7958949,-122.4084053,shop,convenience,Little Paradise,06075011300
4079289934,37.7592171,-122.4112877,amenity,cafe,Sightglass Coffee,06075022801
4081556948,37.7777921,-122.4241711,amenity,bar,Birba,06075016200
4085672798,37.7974162,-122.4219472,amenity,cafe,Philz Coffee,06075010902
4093612589,37.7637663,-122.4756477,amenity,cafe,B&B,06075030201
4093612689,37.7637656,-122.4756878,,,Allstate,06075030201
4093612695,37.7635173,-122.475548,,,Carol Yee Insurance Agency,06075030201
4093613590,37.7620107,-122.4768674,amenity,place_of_worship,19th Avenue Japanese Baptist Church,06075030201
4093613991,37.7635045,-122.4759264,,,RE\/MAX Prestigious Properties,06075030201
4096822619,37.7766104,-122.3958988,,,Lion Semiconductor,06075018000
4100737133,37.7950185,-122.4059166,amenity,cafe,iCafe SF,06075061101
4100737134,37.794968,-122.405911,shop,convenience,Charming Sun Market Inc,06075061101
4100737138,37.7946426,-122.4058751,,,Chinese For Affirmative Action,06075061101
4100737139,37.7945907,-122.4058471,shop,convenience,Jackson Produce,06075061101
4101128310,37.797068,-122.4065446,,,Yee's Income Tax and Accounting,06075010701
4101128317,37.7970555,-122.4063159,amenity,cafe,New Regent Café,06075010701
4103832552,37.7373723,-122.3941942,,,Southeast Community Facility Commission City & County of San Francisco,06075980900
4103856288,37.7358435,-122.3905708,amenity,cafe,First Cup Coffee,06075061200
4103856293,37.7363615,-122.3904047,shop,convenience,Kennedy's Market,06075061200
4105623890,37.7616264,-122.3882383,,,,06075022600
4106815505,37.7958489,-122.4075505,amenity,bank,Oriental,06075061102
4106923139,37.797704,-122.4070962,amenity,cafe,Love Tea,06075010701
4106923140,37.7976215,-122.4070914,shop,convenience,D & G Group,06075010701
4106923141,37.7975853,-122.4070757,amenity,bar,Bow Bow Cocktails,06075010701
4108029915,37.7954225,-122.4064547,amenity,bar,Li Po Cocktail Lounge,06075061101
4113444790,37.7441241,-122.4217887,amenity,cafe,Cafe 78,06075025300
4113464697,37.7483339,-122.4183309,shop,supermarket,Casa Guadalupe,06075020900
4114603089,37.7468805,-122.4192506,amenity,bar,Mothership,06075025300
4117790315,37.7649387,-122.4194943,amenity,bank,U.S. Bank,06075020102
4129600387,37.7913203,-122.4009518,amenity,cafe,Blue Bottle,06075011700
4129601492,37.7912711,-122.4010896,amenity,bar,The Treasury,06075011700
4133804790,37.7596069,-122.4351957,,,Shred Nations,06075020500
4134420494,37.7643632,-122.4194421,,,Accounting & Taxes,06075020102
4139816206,37.7412086,-122.4229226,amenity,bar,Old Devil Moon,06075025300
4139840857,37.7451409,-122.420005,amenity,bar,The Knockout,06075025300
4143685674,37.7907035,-122.403638,amenity,bar,Pagan Idol,06075011700
4144807789,37.742424,-122.4871762,,,Trans-Continental Land Investment Co.,06075033001
4145232989,37.7477914,-122.4187287,amenity,cafe,Sweet Chinito's Cafe,06075025300
4154303354,37.7620355,-122.4109551,,,Automatic,06075022801
4161865223,37.7830596,-122.4651657,amenity,bar,540 Club,06075040200
4163679777,37.7813158,-122.4193282,amenity,school,American Academy of English,06075012405
4173566690,37.753871,-122.416268,shop,supermarket,Casa Maria,06075022901
4173605590,37.7525988,-122.4142689,amenity,cafe,Sidewalk Juice,06075022901
4196313090,37.7941819,-122.4046107,amenity,cafe,Latte Express,06075061101
4199342630,37.7879302,-122.3914028,,,Association of Bay Area Governments,06075061506
4199342685,37.7879634,-122.3914468,,,Metropolitan Transportation Commission,06075061506
4199676096,37.7425197,-122.4850371,amenity,cafe,Foam,06075033002
4199678799,37.7427872,-122.4844467,,,Sunset Services,06075032801
4199679207,37.7427807,-122.484733,amenity,cafe,Rolling-out Cafe,06075032801
4199804593,37.754295,-122.4781838,amenity,bar,Tiki Haven,06075032802
4199804596,37.7540509,-122.4780344,amenity,cafe,Won-Ton-House,06075032802
4199804597,37.754057,-122.477724,amenity,bank,East West Bank,06075032802
4199813790,37.7540948,-122.477233,amenity,cafe,Twisted Donuts & Coffee,06075032802
4199813792,37.754043,-122.4782546,amenity,cafe,Cafe Bakery & Restaurant,06075032802
4199813889,37.7540935,-122.4771455,amenity,bank,Sterling Bank & Trust,06075032802
4199813890,37.754335,-122.4774291,amenity,bank,Industrial and Commercial Bank of China,06075032802
4199813891,37.754344,-122.4772949,,,Founders Realty,06075032802
4199813894,37.7540418,-122.4781544,,,Farmers Insurance,06075032802
4199813991,37.7543453,-122.4770736,amenity,bar,oneup bar,06075032802
4199814289,37.7543069,-122.477922,amenity,cafe,BB Tea,06075032802
4203446059,37.7231604,-122.4534241,shop,convenience,Food Mart,06075031201
4203446082,37.7228532,-122.45296,shop,convenience,Fastbreak,06075031201
4203453111,37.7232135,-122.4537816,amenity,cafe,Quickly,06075031201
4203650989,37.7705255,-122.4438036,amenity,cafe,Ritual Coffee Roasters,06075016601
4214319496,37.7528438,-122.5047171,amenity,cafe,La Playa Taqueria,06075035201
4214319695,37.7528253,-122.5052668,shop,convenience,Brother's Mini Market,06075035201
4214320094,37.7534579,-122.4975871,amenity,cafe,Eggettes,06075035102
4214350590,37.7528457,-122.504682,amenity,cafe,Yonkers Cafe,06075035201
4214359589,37.7528467,-122.504162,amenity,cafe,Papa Mak's Burgers,06075035201
4218361464,37.7603364,-122.41941,shop,supermarket,City Discount Meat & Grocery Market,06075020802
4238376193,37.7317284,-122.4729701,,,Old Republic Title Company,06075030900
4238376198,37.730628,-122.4714906,amenity,bank,Citibank,06075030900
4238377191,37.7315466,-122.4725586,amenity,cafe,Dinosaurs,06075030900
4238377194,37.7319221,-122.4734146,,,Coldwell Banker,06075030900
4238458994,37.731671,-122.4735824,,,Cornerstone Title Company,06075030900
4238458995,37.7313854,-122.472908,,,Fidelity National Title,06075030900
4238459290,37.7323268,-122.474327,amenity,cafe,My Cup of Tea (Cool Tea Bar),06075030900
4238459890,37.7318585,-122.4732563,amenity,bank,Bank of the West,06075030900
4238459892,37.7316253,-122.4734098,amenity,cafe,Ambrosia Fine Bakery & Cafe,06075030900
4238465589,37.7318362,-122.4739431,amenity,bank,San Francisco Credit Union,06075030900
4241975784,37.7607798,-122.419462,shop,convenience,Georges' Market,06075020802
4242961501,37.73948,-122.407244,shop,convenience,AMS Market,06075025100
4247487817,37.7647559,-122.4011997,amenity,cafe,Philz Coffee,06075022704
4249436492,37.7833894,-122.4075539,amenity,cafe,Mo'z,06075017602
4256898604,37.7633159,-122.4071599,amenity,bar,Mission Hill Saloon,06075022802
4259001279,37.7717782,-122.4167145,amenity,cafe,Gaslamp Cafe,06075017700
4259607114,37.8009926,-122.4020917,amenity,cafe,Little Window by Bicycle Banh Mi,06075010500
4259744392,37.7895248,-122.4078004,amenity,cafe,Sutter Street Cafe,06075011700
4259746694,37.7896538,-122.4118742,amenity,bar,The Blue Room,06075012100
4259754689,37.7898887,-122.4118038,amenity,cafe,Fresh Brew Coffee,06075011902
4261666983,37.7603764,-122.4190503,amenity,bar,Beauty Bar,06075020802
4284609497,37.7341553,-122.4341305,amenity,bar,Glen Park Station,06075021800
4298873479,37.8021042,-122.4093854,shop,convenience,Napoli Market,06075010401
4299448689,37.7875509,-122.415188,amenity,bar,The Royale,06075012002
4312016590,37.7818459,-122.4100401,amenity,bar,The Rumpus Room,06075017604
4322166640,37.765158,-122.4201651,shop,convenience,Casa Latina Market,06075020102
4331553009,37.7242174,-122.4567727,amenity,bar,Ocean Ale House,06075031000
4331556518,37.7219732,-122.454983,shop,convenience,Holloway Market,06075031201
4331568986,37.7248846,-122.4601039,amenity,cafe,Java on Ocean Cafe,06075031000
4334847389,37.8028373,-122.4140438,amenity,cafe,901 colombus cafe,06075010300
4338805961,37.782105,-122.4737462,amenity,school,San Francisco Schoolhouse,06075042602
4340535594,37.7745253,-122.4306476,amenity,cafe,The Center SF Tea House,06075016300
4343745976,37.7881779,-122.4024347,amenity,bar,Pied Piper,06075061501
4343748158,37.7913483,-122.404318,amenity,cafe,Plentea,06075011700
4343748159,37.7914779,-122.4043404,,,Canopy,06075011700
4345299308,37.7862149,-122.397274,,,Gamespot Headquarters,06075061503
4348866889,37.7702985,-122.4437952,shop,convenience,Central Haight Market,06075016601
4348866890,37.770289,-122.4439816,amenity,cafe,Central Haight Café,06075016601
4349254493,37.7756542,-122.5014571,shop,convenience,Richmond Market,06075047903
4349255904,37.7755934,-122.4971492,,,Sequoia Real Estate,06075047802
4349256208,37.7755194,-122.4987692,amenity,cafe,Butter Love,06075047903
4349256215,37.7757584,-122.493657,,,Farmers Insurance,06075047801
4349256218,37.7758026,-122.4928848,shop,convenience,Better Food Market,06075047801
4349256222,37.7759133,-122.4957386,,,Jessica Liu Insurance Services Inc.,06075047801
4349256223,37.7759106,-122.4958034,amenity,cafe,Simple Pleasures Cafe,06075047801
4349257695,37.7758234,-122.4977647,amenity,cafe,Purple Kow,06075047802
4349265293,37.7758736,-122.4965133,amenity,cafe,The Sweet House,06075047801
4360378092,37.7617712,-122.411796,amenity,cafe,Tartine Manufactory,06075022801
4370393191,37.7781839,-122.409412,shop,convenience,Tony Baloney's Market,06075017602
4376079989,37.7999071,-122.4098808,amenity,cafe,Spuntino,06075010702
4382553090,37.7335275,-122.5016104,amenity,cafe,The Depot,06075060400
4393034456,37.7937815,-122.396632,amenity,cafe,Starbucks Pick Up,06075011700
4400574572,37.7612345,-122.4902391,,,Wang Insurance,06075032700
4413169392,37.7880684,-122.3994576,amenity,cafe,Peet's Coffee,06075061501
4413908789,37.7552436,-122.4234959,amenity,cafe,Temporarium,06075020701
4418113995,37.7726032,-122.4371654,amenity,cafe,That's My Jam,06075016700
4425675189,37.7874657,-122.3993218,amenity,bar,111 Minna Gallery,06075061501
4427070787,37.7610264,-122.489718,amenity,cafe,Diamond Coffee N’ Pastry,06075032700
4427822496,37.7598573,-122.397501,shop,convenience,All States Best Foods,06075061402
4451241637,37.7936566,-122.4273596,,,German Consulate General,06075013102
4451772829,37.7948667,-122.3995603,,,"Steven S. Miyake, Esq.",06075010500
4453775089,37.7988897,-122.4086539,amenity,bar,Boardroom,06075010702
4461541893,37.7556533,-122.499398,,,Zhang's Moving Company & Local Moving Service,06075035102
4467802664,37.7561254,-122.4184756,amenity,bar,Balancoire,06075020801
4482434591,37.7976041,-122.4307094,amenity,bar,Bus Stop,06075013002
4491444358,37.7625276,-122.3960033,amenity,cafe,Farley's,06075022702
4498256594,37.7864629,-122.408778,amenity,bar,Bartlett Hall,06075012301
4502608502,37.7944459,-122.3996684,,,Bain & Company,06075010500
4513023134,37.7831255,-122.4637116,amenity,bar,Neck of the Woods,06075040100
4516187333,37.768386,-122.4198601,amenity,bar,Dahlia,06075020101
4517457491,37.8063102,-122.4191388,amenity,cafe,Eight Am,06075010202
4530915847,37.782792,-122.4080126,amenity,bank,San Francisco Fire Credit Union,06075017602
4533347390,37.7893351,-122.4095272,amenity,bar,Pacific Cocktail Haven,06075012100
4539889694,37.7778333,-122.4221501,,,"Labor Law Office, APC",06075016200
4548639068,37.7771532,-122.4384162,amenity,bar,Bar 821,06075015802
4548821689,37.7540922,-122.4842165,amenity,bank,Citibank,06075032802
4548821700,37.7560076,-122.4186105,amenity,bar,Doc's Clock,06075020801
4548821702,37.7536984,-122.4183507,amenity,bank,Bank of America,06075020900
4548821705,37.7528358,-122.4183448,shop,supermarket,Mi Pueblito Market,06075020900
4548821706,37.7526946,-122.4183324,amenity,bar,El Farolito Bar,06075020900
4548821709,37.7521091,-122.4191013,amenity,cafe,Coffee Mission,06075020900
4548821710,37.8048071,-122.4338261,amenity,bank,Chase,06075012602
4548821892,37.7523728,-122.4180053,amenity,cafe,Silver Stone Coffee,06075020900
4548821895,37.804573,-122.4337921,amenity,school,AltSchool,06075012602
4548821897,37.8005688,-122.4390348,amenity,bank,Chase,06075012601
4548821898,37.8003603,-122.4390753,amenity,bar,delarosa,06075012802
4548821903,37.8003441,-122.439336,amenity,bank,First National Bank of Northern California,06075012802
4550076307,37.7773892,-122.4384608,amenity,bar,mini bar,06075015802
4550110115,37.7820272,-122.4492858,amenity,bar,Family,06075015701
4556360352,37.780703,-122.4391164,shop,convenience,Pearl Market,06075015801
4556442969,37.7851244,-122.4400158,amenity,cafe,Pete's Deli & Cafe,06075015500
4556518004,37.781237,-122.4081142,,,Trellis,06075017602
4558023336,37.7864309,-122.440291,amenity,cafe,Park Gym,06075015300
4558023340,37.7860803,-122.4398627,amenity,bar,San Francisco Athletic Club,06075015300
4558023342,37.7857739,-122.4398282,,,State Farm,06075015300
4558023344,37.785928,-122.4398341,amenity,cafe,Starbucks,06075015300
4559039815,37.7968216,-122.4366447,amenity,cafe,Wrecking Ball Coffee Roasters,06075013002
4562778299,37.7803483,-122.475216,amenity,cafe,Peet's Coffee,06075047600
4564626093,37.7797491,-122.487636,shop,supermarket,Grocery Outlet,06075047701
4564653193,37.7938296,-122.4077286,amenity,cafe,New Honolulu,06075011800
4567603390,37.7817834,-122.420859,amenity,cafe,Peet's Coffee,06075016000
4567603392,37.8005266,-122.4393734,amenity,bank,Citibank,06075012601
4571196183,37.7806284,-122.4770735,shop,convenience,Europa Plus,06075042602
4571197583,37.7809587,-122.4771148,amenity,place_of_worship,Golden Gate Christian Church,06075042602
4578283700,37.7947433,-122.40126,amenity,cafe,Delah Coffee,06075061101
4578423704,37.7993684,-122.4423906,shop,convenience,Fast Fill Market,06075012801
4593719025,37.7608753,-122.498657,,,"Scott I. Bassin, A Professional Corporation",06075035101
4593719026,37.7608786,-122.4985935,shop,convenience,Charlie's Market,06075035101
4611606986,37.7800426,-122.4065688,,,Cyprus Private Security,06075017804
4611606988,37.7799578,-122.4066855,,,Momentum Machines,06075017804
4611607340,37.7800143,-122.4066084,,,Trico Construction,06075017804
4611732414,37.8088008,-122.410041,amenity,cafe,Biscoff Coffee Corner,06075010101
4613594724,37.7944813,-122.4423418,,,Shirley Rohinson,06075013200
4613594725,37.7944739,-122.4423163,,,DomA,06075013200
4613594726,37.7944834,-122.4422868,,,"Thompson Suskind, L.P",06075013200
4613804350,37.7816166,-122.409289,,,Pacific Loan Company,06075017602
4613804998,37.7635398,-122.419698,,,Fred Loya Insurance,06075020102
4613841150,37.8002782,-122.4413801,amenity,bar,,06075012700
4613885720,37.7840744,-122.3988286,,,Metromile,06075061503
4613888426,37.8024334,-122.4221902,,,Sotheby's International Realty,06075010201
4613888429,37.8023727,-122.4250252,shop,convenience,Amro Market,06075012901
4613888430,37.8009682,-122.4253558,amenity,cafe,Kopiku,06075012901
4613888431,37.8014288,-122.4248369,amenity,bar,Black Magic Voodoo Lounge,06075012901
4613888436,37.8053656,-122.4221293,shop,convenience,Mr. Liquor,06075010202
4613941352,37.8056497,-122.4126682,amenity,cafe,DeLise Dessert cafe,06075010102
4614039300,37.7978842,-122.4076485,shop,convenience,SunMoon Market,06075010701
4614040397,37.7977088,-122.4090934,shop,convenience,Cao Kee Market,06075010701
4614040551,37.7997661,-122.4077954,amenity,bar,Convivium Enoteca,06075010600
4614040693,37.7980976,-122.4058135,,,Pier 5 Law Office,06075010600
4614040694,37.7978408,-122.4081171,amenity,cafe,V & J Cafe,06075010701
4615928118,37.7906305,-122.4340699,amenity,bar,Palmer's,06075013500
4616011636,37.798435,-122.4091887,,,King Fung Trading Co.,06075010701
4616011729,37.7969543,-122.4072394,amenity,cafe,New Pacific Court Cafe,06075010701
4616011734,37.7971173,-122.4069884,shop,convenience,Summing Ho Trading Co.,06075010701
4616088886,37.7155923,-122.4396648,amenity,music_school,Vibo Music lessons,06075026301
4616136993,37.792879,-122.4012811,amenity,bank,Chase,06075011700
4616136997,37.7941595,-122.4015076,amenity,bar,The Barrel Room,06075061101
4616136999,37.7932255,-122.4009003,amenity,bank,Union Bank,06075011700
4616141809,37.7938704,-122.4014681,amenity,bank,Mechanics Bank,06075011700
4616141810,37.7940439,-122.401483,amenity,cafe,Morning Brew,06075061101
4617977824,37.8038978,-122.4336443,amenity,cafe,Fresh Bay Cafe,06075012602
4618038106,37.804065,-122.4320152,,,Smith + Smith Landscape Architects,06075012602
4618173066,37.794437,-122.4043325,,,King Guang Trading Company,06075061101
4618173074,37.7931728,-122.3991223,,,Scottrade,06075011700
4618173567,37.7933712,-122.399845,amenity,bank,Citibank,06075011700
4618173568,37.7947901,-122.4000636,amenity,bank,City Bank,06075010500
4618173569,37.7945139,-122.4032669,amenity,bank,EastWest Unibank,06075061101
4618173571,37.7947465,-122.4033929,amenity,bank,HSBC,06075061101
4618173573,37.7946296,-122.4029006,amenity,cafe,Starbucks,06075061101
4620013391,37.7722821,-122.413189,,,iTVS,06075017803
4620108621,37.7714693,-122.4142519,amenity,cafe,V Cafe,06075017700
4620325598,37.7713572,-122.413647,amenity,cafe,Garage Cafe,06075017700
4620325599,37.7713238,-122.4136027,amenity,cafe,Mr Nice,06075017700
4624048568,37.7795814,-122.4233634,shop,convenience,Super Sam,06075016200
4624952481,37.7813048,-122.4172998,amenity,cafe,The Coffee Smith,06075012405
4624987087,37.7961806,-122.4132697,,,Inspiration Real Estate,06075010800
4625037119,37.7809869,-122.4198104,,,H&R Block,06075012405
4625090829,37.7824628,-122.4158417,shop,convenience,Hyde & Turk Market,06075012403
4625105134,37.7824966,-122.4172183,shop,convenience,SF OrganiCA,06075012403
4625105135,37.7825677,-122.416846,,,Tenderloin Housing,06075012403
4625108173,37.7948993,-122.4149473,shop,supermarket,Jackson Market,06075010800
4625129275,37.7912305,-122.404296,amenity,cafe,Foundation Cafe,06075011700
4625139244,37.7819539,-122.4154431,shop,convenience,Hyde St Gift and Snack Shop,06075012404
4625139247,37.7834425,-122.4157583,shop,convenience,Cadillac Market,06075012404
4625163005,37.8087287,-122.41038,amenity,cafe,Eagle Cafe,06075010101
4625185531,37.783207,-122.4173545,shop,convenience,Fox Market,06075012403
4625200056,37.7836299,-122.4160786,shop,convenience,New Princess Market,06075012403
4625221570,37.783539,-122.4177347,amenity,cafe,Lafayette Coffee Shop,06075012406
4628105878,37.765649,-122.4126352,amenity,cafe,Dandelion Chocolate Factory & Café,06075017700
4628177738,37.7741397,-122.4309984,shop,convenience,Key Food Market,06075016300
4628220566,37.7799297,-122.4305999,amenity,place_of_worship,First Union Baptist church,06075016101
4628232421,37.8061305,-122.4189174,amenity,cafe,Cafe De Casa,06075010202
4628353540,37.7908421,-122.4044601,amenity,university,Academy of Art University,06075011700
4628353544,37.7906287,-122.404195,amenity,cafe,Working Girls Cafe,06075011700
4628441088,37.7864467,-122.416346,shop,convenience,Geary & Hyde Market,06075012204
4628442789,37.7852604,-122.4164164,shop,convenience,Hyde & O'Farrell Market,06075012203
4628442792,37.7838049,-122.4160942,amenity,cafe,Sing Sing,06075012403
4628492031,37.789209,-122.4097357,amenity,bar,Obscenity Bar & Lounge,06075012100
4628492035,37.7876106,-122.4096179,,,The Custom Made Theatre Co.,06075012302
4628496729,37.7896974,-122.4057863,,,World Affairs Council,06075011700
4628615917,37.7867497,-122.419776,shop,convenience,Green Apple Market,06075012202
4628704335,37.7866375,-122.4298727,shop,convenience,Super Mira,06075015202
4628752984,37.7680622,-122.4135732,amenity,cafe,Baklava Story,06075017700
4630226706,37.7840258,-122.4788199,shop,supermarket,New California Market,06075042601
4630746191,37.8029203,-122.4029003,amenity,cafe,Starbucks,06075010500
4631708918,37.7847489,-122.4129205,amenity,bar,Jonell's,06075012502
4631708920,37.7850021,-122.412688,shop,convenience,Young-Ellis Food Center,06075012301
4631727980,37.7892592,-122.4055565,,,,06075011700
4631727981,37.7916382,-122.4056942,shop,convenience,Chinatown Bargain Depot,06075011700
4631727987,37.7883895,-122.4065773,,,Solano Labs,06075011700
4631802343,37.7900936,-122.4029353,,,AAA Insurance,06075011700
4631802346,37.7901469,-122.402345,amenity,bank,Chase,06075011700
4631802347,37.7901933,-122.401892,amenity,bank,City National Bank,06075011700
4631802356,37.7901981,-122.401717,,,Year Up - Bay Area,06075011700
4631830382,37.7765582,-122.4140517,,,Clever,06075017603
4631831950,37.8006863,-122.4259805,shop,convenience,Franklin Market,06075012901
4631842574,37.7975872,-122.4222394,amenity,bar,Green Sports Bar,06075010902
4631886600,37.7841555,-122.410047,,,SAFEhouse for the Performing Arts,06075012503
4631909012,37.778011,-122.4121644,,,WeWork,06075017603
4631982794,37.7968164,-122.4066742,amenity,bank,EastWest Unibank,06075061101
4631999418,37.7904997,-122.404147,amenity,cafe,Yokee Milk Tea,06075011700
4632000731,37.792264,-122.4007622,,,H&R Block,06075011700
4632000803,37.7881914,-122.4036806,amenity,cafe,Asha Tea House,06075011700
4632029099,37.7886183,-122.3987513,amenity,bank,Chase,06075061501
4632081524,37.7891328,-122.4009464,,,Lending Club,06075061501
4632084891,37.7890421,-122.4013748,amenity,bank,Wells Fargo,06075061501
4632085289,37.7895104,-122.4014511,shop,convenience,Bay Food Mini Market,06075011700
4636074798,37.7895428,-122.4019684,amenity,cafe,Starbucks,06075011700
4637137818,37.7839596,-122.441494,amenity,cafe,Opa Cafe,06075015500
4637159411,37.7954212,-122.4179737,,,C & R Contractors,06075011002
4637210181,37.7943892,-122.4204693,,,Climb Real Estate,06075011002
4637210183,37.7944737,-122.4182553,shop,supermarket,J H Grocery and Liquor,06075011001
4637571919,37.7845601,-122.4142515,amenity,cafe,Cafe Ellis,06075012502
4637572294,37.784101,-122.4144684,amenity,cafe,Kim Huong,06075012404
4637572302,37.7866129,-122.4133713,shop,convenience,Desi Bazaar,06075012302
4637773270,37.7847337,-122.4130515,amenity,cafe,Mom Banh Mi,06075012502
4637773272,37.784303,-122.4107195,shop,convenience,Daldas Market,06075012503
4637773281,37.7848494,-122.4121004,amenity,place_of_worship,YVAM San Francisco,06075012502
4638901889,37.7950982,-122.4005247,amenity,cafe,Starbucks,06075061101
4661543003,37.7643298,-122.4027236,shop,supermarket,Whole Foods Market,06075022704
4666687025,37.7752822,-122.4161381,amenity,cafe,Peet's Coffee,06075017603
4680778156,37.7923062,-122.4017059,,,Blippar,06075011700
4693634740,37.7742721,-122.391412,shop,supermarket,Gus's Community Market,06075060701
4693634741,37.7735144,-122.3916974,amenity,cafe,Cafe Réveille,06075060701
4696358427,37.7892122,-122.4033514,,,The Netherlands Consulate General in San Francisco,06075011700
4704557447,37.785398,-122.4056288,shop,supermarket,Trader Joe's,06075017602
4735428567,37.8004937,-122.4018113,amenity,cafe,Chica,06075010500
4742267441,37.7752247,-122.4100116,amenity,cafe,Anton's Pizza & Deli,06075017804
4750382901,37.7581814,-122.388527,amenity,bar,Yield Wine Bar,06075022600
4753964008,37.7813795,-122.4655746,amenity,cafe,Kowloon Tong Dessert Cafe,06075040200
4753982894,37.7850294,-122.4655121,amenity,cafe,Ashley's Cafe,06075040200
4754013402,37.7846004,-122.464426,amenity,cafe,Not Latte,06075040100
4754013403,37.7852761,-122.4647477,amenity,cafe,Nourish Cafe,06075040200
4754013405,37.7849863,-122.4636522,amenity,cafe,The Richfield,06075040100
4755628605,37.7851234,-122.4647446,shop,convenience,Park Presidio Liquors,06075040200
4765984643,37.7861306,-122.4170995,amenity,cafe,Café Gourmand,06075012203
4782532483,37.7395753,-122.4190173,amenity,cafe,Pinhole Coffee,06075025300
4806805086,37.7817366,-122.410617,amenity,cafe,Chai Bar by David Rio,06075017604
4814206526,37.7830174,-122.4662352,amenity,bar,Richmond Republic Draught House,06075040200
4828619088,37.7700462,-122.4451497,amenity,cafe,Coffee to the People,06075016601
4833840812,37.7963335,-122.4220038,amenity,cafe,Teaspoon,06075010902
4839249789,37.7741994,-122.4374971,amenity,bar,Madrone Art Bar,06075016400
4839978312,37.7902514,-122.4049416,amenity,bar,Bar Fluxus,06075011700
4840631551,37.7742787,-122.4273437,shop,convenience,Oak Gourmet,06075016802
4840631555,37.7851816,-122.441416,shop,convenience,Stewart's Grocery,06075015300
4840631556,37.7872642,-122.4401043,,,H&R Block,06075015300
4848006073,37.7880499,-122.391472,,,Twilio,06075061506
4852448016,37.7733138,-122.4389402,shop,supermarket,Falletti Foods,06075016400
4852448019,37.7734163,-122.4388439,amenity,cafe,Peet's Coffee,06075016400
4852719621,37.7864279,-122.439962,amenity,cafe,El Burrito Express,06075015300
4852815321,37.7384017,-122.3892716,amenity,school,College Track,06075061200
4857454324,37.7895584,-122.3942642,,,Lee Hecht Harrison,06075061507
4862634093,37.7824865,-122.393117,amenity,cafe,Blue Bottle Coffee,06075061502
4865456221,37.7798245,-122.3919339,,,"Docker, Inc.",06075061502
4881958343,37.7745789,-122.3985509,,,Founders Space,06075060703
4881958344,37.7746404,-122.3986341,,,SOMAcentral,06075060703
4881958345,37.7745684,-122.3984678,,,Mind the Bridge,06075060703
4884299090,37.7695428,-122.4066627,amenity,cafe,Simply SF,06075017700
4894856567,37.7771003,-122.3945449,,,Nextbit,06075060703
4909810957,37.74586,-122.4195155,amenity,bar,Iron & Gold,06075025300
4909832653,37.7459788,-122.4198427,amenity,cafe,Finjan Qahwa,06075025300
4919829393,37.7709717,-122.4689181,amenity,cafe,De Young Café,06075980300
4924894283,37.7730978,-122.4036357,,,Pinterest,06075018000
4925135942,37.760308,-122.4216245,amenity,cafe,Outset Coffee,06075020702
4925215288,37.7599503,-122.4215932,shop,convenience,Rhea's Market & Deli,06075020701
4927522422,37.7943038,-122.4212799,amenity,bar,Bell Tower,06075011002
4934813168,37.7474973,-122.4094856,shop,convenience,Sam's Market,06075025100
4934813428,37.7495179,-122.4086665,shop,convenience,ABC Market,06075022903
4937360419,37.7554153,-122.4175471,amenity,bar,El Trebol,06075020900
4937368172,37.7500359,-122.4180938,amenity,bar,Evil Eye,06075020900
4945079782,37.7489379,-122.4183074,shop,convenience,Stop & Shop Market,06075020900
4945079887,37.7490155,-122.4171635,shop,convenience,San Fran Market,06075020900
4947655358,37.7430476,-122.4055358,shop,convenience,Bayshore Market Deli & Liquor,06075025100
4947854931,37.7530496,-122.4066298,shop,convenience,N & V Liquor & Grocery,06075022903
4951457181,37.7528111,-122.4074282,shop,convenience,Tony's Market,06075022903
4951871674,37.7269655,-122.4412363,amenity,place_of_worship,Korean Evangelical Church of S.F.,06075025501
4951872001,37.7267869,-122.4413672,shop,convenience,Roxie Food Center,06075025501
4951873767,37.7285658,-122.4405424,amenity,cafe,Tasty Coffee,06075025501
4951963981,37.7798753,-122.48567,amenity,cafe,Cafe Enchante,06075047701
4969302973,37.7739092,-122.4683081,amenity,place_of_worship,Tze Zhan Monastery,06075045201
4972855027,37.7388099,-122.414204,shop,convenience,Andi's Market,06075025402
4972855028,37.7389842,-122.4145587,shop,convenience,Pay Little Market,06075025200
4972855035,37.7390486,-122.4153708,amenity,bar,Vinorosso Enoteca,06075025200
4987099522,37.797663,-122.4319104,amenity,bar,Bar None,06075013002
4995403561,37.7294823,-122.3923622,amenity,cafe,Gratta Wines,06075023200
4995403562,37.7294864,-122.3923837,amenity,cafe,Fox and Lion Bread,06075023200
5002148264,37.7313674,-122.4516614,,,Park North Real Estate,06075031100
5003690421,37.772304,-122.437424,amenity,cafe,Sightglass,06075016700
5008465322,37.7842017,-122.4169845,amenity,cafe,Mom's Soul Groove,06075012403
5061128432,37.7416331,-122.5051837,amenity,cafe,Andytown Coffee Roasters,06075035400
5061169917,37.7728826,-122.5106097,amenity,cafe,Andytown Coffee,06075047904
5061169918,37.7742945,-122.509954,shop,convenience,Europa Express,06075047904
5061169919,37.7747052,-122.5099937,,,,06075047904
5067631375,37.779164,-122.3911504,,,Ancestry,06075060701
5067639715,37.7940493,-122.3999594,amenity,bank,Wells Fargo,06075011700
5067639717,37.7936713,-122.3999163,amenity,cafe,Homegrown,06075011700
5068329117,37.7641353,-122.4691519,,,Business Coaching of Northern California,06075030202
5075740254,37.7539454,-122.4798341,amenity,cafe,Taqueria Chapala,06075032802
5080277468,37.8075161,-122.4149006,amenity,cafe,Taqueria El Farolito,06075010101
5087510721,37.7664758,-122.4196601,amenity,cafe,Cafe La Noisette,06075020102
5104412625,37.7616782,-122.4200242,amenity,cafe,Linea Cafe,06075020802
5104555022,37.7928525,-122.4042754,amenity,cafe,Starbucks,06075011700
5136125674,37.7976175,-122.4303508,amenity,cafe,Starbucks,06075013001
5152065722,37.7933683,-122.440034,amenity,school,Hillwood Academic Day Schol,06075013200
5155983523,37.7639771,-122.464969,amenity,cafe,Yi Fang Tea,06075030202
5182461991,37.7719932,-122.4322701,,,HSM,06075016700
5182462008,37.7723447,-122.4294894,amenity,cafe,The Radical Reading Room,06075016801
5184837270,37.7759881,-122.3919991,,,Lyft,06075060703
5222768492,37.7670881,-122.4465288,shop,convenience,Ashbury Market,06075017101
5250557322,37.7624143,-122.434726,amenity,cafe,Cafe de Casa,06075020601
5251306690,37.7972964,-122.4330224,amenity,cafe,Müesi Cafe,06075013002
5258092199,37.7899898,-122.3999799,,,Uber,06075061501
5258103408,37.7824983,-122.3915513,,,Splunk,06075061508
5264776821,37.7789359,-122.3940943,amenity,bar,Victory Hall & Parlor,06075018000
5271201109,37.8277487,-122.374083,amenity,cafe,Aracely Cafe,06075017903
5271396020,37.7831747,-122.437495,amenity,school,KIPP San Francisco Bay Academy,06075015801
5280913555,37.7361346,-122.4240228,amenity,cafe,Cafeto Coffee Shop,06075025401
5311107139,37.7998816,-122.427797,shop,convenience,Fort Mason Market and Deli,06075012902
5312617670,37.7836659,-122.4326321,amenity,cafe,Boba Guys,06075015900
5315466469,37.7860068,-122.4331305,shop,convenience,Friends Liquor Groceries,06075015500
5322565871,37.7904226,-122.4011924,,,Wikimedia Foundation,06075011700
5376562309,37.7694156,-122.4042196,amenity,cafe,Caffe Pazzo,06075060702
5408971979,37.7870122,-122.4201097,shop,convenience,New India Bazar,06075012002
5423606821,37.7703252,-122.3871407,,,Wix.com,06075060701
5438606659,37.7763389,-122.4163492,,,NerdWallet,06075017603
5438606660,37.7764535,-122.416208,,,Nextdoor,06075017603
5461090840,37.7350041,-122.4169502,shop,convenience,U-Save Liquor & Grocery,06075025403
5463889676,37.7911783,-122.3951501,,,Honorary Consulate General of the Czech Republic,06075061507
5468101421,37.7902062,-122.4093108,amenity,cafe,Beanstalk Cafe,06075011902
5485382230,37.7536832,-122.4228259,shop,convenience,Sean's Market & Deli,06075021000
5487246108,37.7712714,-122.4052009,amenity,cafe,Peet's Coffee,06075018000
5487380897,37.7669618,-122.4068138,,,Strava,06075017700
5495339644,37.7822159,-122.406472,,,46Mile,06075017602
5504036910,37.7204087,-122.4378552,amenity,bank,Lucky Money,06075026004
5515207393,37.7689486,-122.4027466,,,Jawbone Health,06075060702
5529666646,37.7389878,-122.4147828,amenity,cafe,Martha & Bros. Coffe Company,06075025200
5529666653,37.7392986,-122.417858,,,State Farm Insurance,06075025200
5529666655,37.7393308,-122.4183654,,,Brown Bear Realty,06075025200
5529666658,37.7390772,-122.417695,amenity,cafe,Progressive Grounds,06075025401
5538811227,37.7624974,-122.3963787,amenity,cafe,Parker,06075022702
5538811231,37.7627341,-122.3953843,,,"Erickson Zebrowski Design Group, Inc.",06075022702
5538811234,37.7625243,-122.3957876,shop,convenience,New Potrero Market,06075022702
5538811238,37.7626475,-122.397181,amenity,cafe,Le Marché Cezanne,06075022702
5538811239,37.7624719,-122.3969073,amenity,cafe,Provender,06075022702
5538811245,37.7627366,-122.3960042,amenity,bar,Blooms Saloon,06075022702
5538811250,37.7624711,-122.3969617,amenity,bar,Ruby Wine,06075022702
5555408498,37.7647716,-122.3896641,amenity,hospital,UCSF Benioff Children's Hospital San Francisco,06075022600
5595153632,37.7892389,-122.394888,amenity,cafe,Cafe Venue,06075061507
5595158142,37.7887269,-122.393156,amenity,cafe,Philz Coffee,06075061507
5595162170,37.7898419,-122.3946231,amenity,cafe,Starbucks,06075061501
5595236177,37.766574,-122.3971658,amenity,cafe,Boba Guys Potrero,06075060702
5596090221,37.7822987,-122.4188956,amenity,bar,Whitechapel,06075012406
5603479586,37.7773535,-122.410459,,,Remix,06075017603
5603481355,37.7718367,-122.4164222,,,Yunsheng USA,06075017700
5604917322,37.7925277,-122.3988035,amenity,bank,Chase,06075011700
5604933821,37.7922591,-122.398806,amenity,bank,First Republic Bank,06075011700
5612872169,37.7676612,-122.4065246,amenity,bar,The Great Northern,06075017700
5612938167,37.7889271,-122.3982193,,,Matrix Partners,06075061501
5629115521,37.7855331,-122.4350149,amenity,cafe,Cafè Murano,06075015500
5650690021,37.8033968,-122.4034072,shop,convenience,RJ’s market,06075010500
5651182121,37.7840101,-122.3945199,,,inPowered,06075061504
5683190173,37.7665033,-122.408874,amenity,cafe,Peet's Coffee,06075017700
5690488277,37.7684323,-122.4101138,,,Levy Art & Architecture,06075017700
5699059989,37.8076552,-122.4085537,,,SapientRazorfish,06075010101
5729139186,37.780655,-122.3969947,amenity,bar,Black Hammer Brewing,06075018000
5734838623,37.790359,-122.4013144,,,British Consulate General San Francisco,06075011700
5785366530,37.7781298,-122.4120488,,,Cybernet Entertainment,06075017603
5791164133,37.7114746,-122.4038854,amenity,bank,Bank of America,06075026403
5791168416,37.7855527,-122.3961396,,,AppDynamics LLC,06075061503
5792800295,37.7152284,-122.4084473,shop,convenience,Teddy's Market,06075026401
5796524756,37.7985479,-122.44584,amenity,bar,Final final,06075012801
5808256220,37.7971863,-122.4356772,,,Better Homes and Gardens Real Estate - Thrive,06075013002
5808292426,37.7441714,-122.4206168,,,Better Homes and Gardens Real Estate - Thrive,06075025300
5810883727,37.7875423,-122.4529954,,,Heather Hilliard Design,06075013300
5810883728,37.787546,-122.452925,,,Andrew Skurman Architects,06075013300
5837092985,37.7878851,-122.397219,,,Eco-System Co-working,06075061501
5839056764,37.7646577,-122.4027552,amenity,cafe,Steep Brew,06075022704
5840675539,37.7832632,-122.4603617,,,Clement Tours & Travel,06075040100
5840675577,37.7830617,-122.4593425,,,HSH Interiors,06075040100
5840675579,37.7833059,-122.459216,amenity,cafe,Breck's,06075040100
5843208548,37.7327488,-122.3912207,,,"James P. Richardson, CPA, Inc. An Accountancy Corporation",06075023200
5847846617,37.7896919,-122.3942787,amenity,cafe,Joe & The Juice,06075061507
5876905609,37.7603023,-122.5057581,shop,convenience,Western Sunset Market,06075035202
5880291830,37.7143665,-122.436924,amenity,bar,The Halfway Club,06075026301
5891198685,37.7819266,-122.4077866,amenity,cafe,Barbary Coast,06075017602
5893320826,37.7484256,-122.4783682,shop,convenience,Tommy's Market & Deli,06075032801
5893451550,37.7575452,-122.4833583,,,George Goodwin Realty,06075032602
5893590041,37.7829123,-122.4682475,amenity,cafe,Phoenix,06075040200
5893605745,37.7829463,-122.4674456,amenity,cafe,Kiss of Matcha,06075040200
5910543624,37.7555581,-122.4387583,amenity,cafe,Neighbor's Corner,06075020500
5979649403,37.7290443,-122.4037642,amenity,cafe,Hey Neighbor Cafe,06075025702
5992714948,37.7650043,-122.418579,,,Instituto Laboral de la Raza,06075020102
5992714949,37.7650324,-122.417997,amenity,bar,The City Club,06075020102
5995275788,37.7758951,-122.4212679,,,OCP Bed Bug Exterminator,06075016200
6008055240,37.7818402,-122.4038851,,,Pivotal,06075017801
6050506587,37.7896408,-122.4040818,,,PandaDoc,06075011700
6064189082,37.8170938,-122.3708292,amenity,bar,Woods Island Club,06075017903
6075310389,37.7590507,-122.4099362,amenity,cafe,Rhea’s Cafe,06075022801
6077224502,37.7651527,-122.4004344,,,Marble,06075060702
6110440528,37.7803283,-122.4208286,,,California Public Utilities Commission,06075016000
6127216085,37.794329,-122.4069478,amenity,cafe,Cool Tea Bar,06075061102
6133706543,37.7734776,-122.391286,amenity,cafe,Joe & The Juice,06075060701
6152481279,37.7807894,-122.473362,amenity,cafe,House of Bagels,06075042602
6163717802,37.7589677,-122.4118915,amenity,school,Gurdjieff Foundation,06075022801
6164935304,37.7720287,-122.4022608,,,Heroku,06075018000
6177111675,37.7948768,-122.398416,,,Boston Consulting Group,06075010500
6188160959,37.7876848,-122.4143208,amenity,cafe,Farm:Table,06075012100
6210959985,37.791365,-122.4207198,amenity,bar,Kozy Kar,06075011101
6217699233,37.7709367,-122.4047061,amenity,bank,Wells Fargo,06075018000
6236532944,37.7670978,-122.4291409,amenity,cafe,Verve Coffee Roasters,06075020300
6242795781,37.7526938,-122.4131711,amenity,bar,Ruth’s at Treat Street,06075022901
6243726786,37.7769342,-122.4175545,,,TARGA Residential Brokerage Inc.,06075012405
6250051862,37.7921271,-122.404485,amenity,cafe,Coffee Bar,06075011700
6252387627,37.774828,-122.4033322,amenity,cafe,Dinosaurs,06075018000
6326615990,37.7567163,-122.502318,amenity,cafe,Andytown Coffee Roasters,06075035102
6355385694,37.7977768,-122.4061468,,,Badger Maps,06075010600
6355990590,37.7973128,-122.402294,,,River Financial,06075061101
6360940107,37.7285719,-122.3668621,amenity,cafe,The Storehouse,06075980600
6371082979,37.7909718,-122.4049027,,,AT&T,06075011700
6371909286,37.7839108,-122.4144505,amenity,bar,Black cat,06075012404
6371947786,37.780993,-122.4122888,amenity,bar,Charmaine's rooftop bar,06075012504
6373068167,37.7815513,-122.4569691,,,Sterling Real Estate,06075015401
6373089827,37.7815436,-122.4571146,,,K-C International Travel Service,06075015401
6373089829,37.7815417,-122.457152,,,Phil Bertetta,06075015401
6377341554,37.7760522,-122.4874929,amenity,place_of_worship,Schneerson Center,06075047702
6377341564,37.7761327,-122.4853733,shop,convenience,Balboa Bi-rite Market,06075047702
6379829464,37.7803959,-122.390534,amenity,cafe,El Porteño,06075060701
6397680533,37.7821322,-122.485026,shop,convenience,Tigers Liquors,06075042700
6416530799,37.7912946,-122.3935011,,,Databricks Inc,06075061507
6417228186,37.7936988,-122.4060709,shop,convenience,Wok Shop,06075011800
6419978695,37.7901267,-122.4026973,,,Redbubble,06075011700
6426948685,37.758424,-122.42039,amenity,bar,20 Spot,06075020801
6433420321,37.773334,-122.4710352,amenity,place_of_worship,Tenrikyo America West Church,06075045201
6441733973,37.7819876,-122.4828651,amenity,cafe,Honey B,06075042601
6441739835,37.7819833,-122.4829265,amenity,cafe,Thanh Thanh Café,06075042601
6441744373,37.7821795,-122.4841797,amenity,cafe,ilana Coffee,06075042700
6441744374,37.7821911,-122.484356,amenity,place_of_worship,Ta Kioh Buddhist Temple,06075042700
6446644702,37.7823227,-122.3922042,,,140 Proof,06075061508
6450218486,37.7905812,-122.417187,amenity,bar,Liquid Gold,06075011102
6467152931,37.7944134,-122.395302,amenity,cafe,Philz Coffee,06075010500
6469314085,37.7890338,-122.3919796,shop,supermarket,Woodlands Market,06075061506
6471047235,37.7520095,-122.4239018,,,State Farm,06075021000
6471077377,37.751733,-122.4284278,,,The Agency,06075021100
6471102058,37.7513976,-122.4308228,amenity,music_school,Schumann Music Studio,06075021400
6471124711,37.7512687,-122.4328448,,,Old Republic Title Company,06075021400
6471124716,37.75135,-122.4309898,,,Compass,06075021400
6471135919,37.7512206,-122.4338425,,,McDonnell & Weaver,06075021400
6471244274,37.7436848,-122.4290592,amenity,cafe,Douglas,06075021500
6471379575,37.7514842,-122.4325266,amenity,cafe,Vive La Tarte,06075021100
6471401826,37.7510862,-122.4359545,,,Real Management Company,06075021300
6475537098,37.7651806,-122.399908,amenity,bar,Thee Parkside,06075060702
6475573038,37.7650661,-122.3998625,amenity,cafe,La Lucha,06075060702
6486930280,37.7801447,-122.4795405,shop,convenience,Mainland Market Co.,06075047701
6486930281,37.7801369,-122.479727,shop,alcohol;convenience,Martell’s Liquors & Grocery,06075047701
6486930284,37.7801268,-122.4799495,amenity,bar,The Blarney Stone,06075047701
6486931285,37.7801094,-122.4801072,shop,convenience,New World Market,06075047701
6488820630,37.788263,-122.409564,amenity,cafe,Cafe La Tazita,06075012100
6488820632,37.7882381,-122.4097557,amenity,cafe,Café Encore,06075012100
6501304753,37.7806364,-122.476897,amenity,cafe,E Tea,06075042602
6501304763,37.7803257,-122.4755654,amenity,cafe,Sweet Mango,06075047600
6501304768,37.7806277,-122.4768316,amenity,cafe,NaYa Dessert Cafe,06075042602
6501580885,37.7239376,-122.4361008,amenity,place_of_worship,Mission Bay Community Church,06075025501
6502703595,37.7542786,-122.4789835,,,"Romanov Real Estate, Inc.",06075032802
6502703597,37.7539905,-122.4790009,amenity,bank,Patelco Credit Union,06075032802
6502703601,37.7542699,-122.4791847,amenity,bar,Boomerang,06075032802
6502744101,37.7538799,-122.481473,,,State Farm,06075032802
6515692972,37.7810461,-122.4597222,amenity,bar,Happy Lounge,06075045100
6516857460,37.7940233,-122.407566,shop,convenience,,06075011800
6530555245,37.7951733,-122.3959297,amenity,cafe,The Posh Bagel,06075010500
6534021324,37.7438409,-122.4398102,amenity,cafe,Creighton's Bakery Cafe,06075021700
6534021363,37.7438486,-122.439933,amenity,prep_school,Kumon,06075021700
6554372084,37.7755648,-122.4975524,amenity,cafe,Mr. Báhn Mì,06075047802
6564211813,37.7844493,-122.3957467,amenity,cafe,The Sandwich Boss at EPC,06075061503
6566538586,37.7608986,-122.4216695,amenity,cafe,Craftsman and Wolves,06075020702
6575781105,37.7659341,-122.449872,amenity,cafe,Wooden Coffeehouse,06075017102
6576249559,37.7938559,-122.4048884,,,積善堂 Jack Sen Benevolent Association,06075011800
6576249560,37.7938601,-122.4048488,amenity,cafe,Good Luck,06075011800
6582227557,37.7917231,-122.3974122,shop,convenience,Russell’s,06075061501
6582592271,37.7899457,-122.3963177,amenity,cafe,Estas Manos Coffee Roasters,06075061501
6587912694,37.7805745,-122.4781917,amenity,bank,Sterling Bank & Trust,06075042602
6587912697,37.7805159,-122.4797921,amenity,school,Солнышко,06075042601
6587912715,37.7805194,-122.4798208,,,,06075042601
6590036195,37.7795179,-122.4934324,amenity,cafe,Xpresso,06075047802
6591801233,37.7817838,-122.4512893,shop,convenience,Sunny Market,06075015701
6591801235,37.7817741,-122.451349,,,Sohn & Song Accountancy Corp.,06075015701
6595181735,37.7428512,-122.4829139,,,"United Associates Inv., Inc.",06075032801
6595181750,37.7426439,-122.482439,,,,06075033002
6604085453,37.7789486,-122.415473,amenity,cafe,Poets Cafe,06075012405
6611213081,37.7927911,-122.4018569,amenity,cafe,Local Roots,06075011700
6615153560,37.7302577,-122.4767834,amenity,bank,San Francisco Fire Credit Union,06075033201
6615153564,37.7305438,-122.4784152,,,St. Stephen Catholic Church Parish Office,06075033201
6615153565,37.730239,-122.4765745,,,Dignity Health Medical Group,06075033201
6615153567,37.7303153,-122.475735,amenity,bank,Citibank,06075033201
6615153569,37.7307605,-122.4751755,amenity,place_of_worship,GKI-SF Indonesian Presbyterian Church,06075033201
6615295105,37.7278929,-122.477214,amenity,cafe,Yi Fang Tea,06075033201
6615295116,37.7267562,-122.4762264,amenity,cafe,Starbucks,06075033201
6615295118,37.7277372,-122.4765275,amenity,cafe,Peet's Coffee,06075033201
6615295131,37.7280319,-122.476508,amenity,cafe,85°C,06075033201
6632478605,37.7803828,-122.4822601,,,Vance Economic Services,06075042601
6632478609,37.7803932,-122.4821243,,,Citibrokers Real Estate Incorporated,06075042601
6635787019,37.7278756,-122.4767338,amenity,cafe,Starbucks,06075033201
6635787022,37.7276486,-122.477044,amenity,cafe,TFM,06075033201
6635835223,37.7288615,-122.4774381,,,Stonestown Management Office,06075033201
6645406771,37.7736168,-122.4309194,,,American Board of Foot and Ankle Surgery (ABFAS),06075016801
6645406775,37.7757295,-122.4313234,shop,convenience,Tim’s Market,06075016300
6651406378,37.7792443,-122.3950499,,,TechSoup,06075018000
6654106661,37.7795217,-122.4935201,amenity,cafe,Sugarcane SF,06075047802
6661383648,37.7921129,-122.403957,,,McKinsey & Company,06075011700
6661384250,37.766077,-122.4071032,,,LUNAR,06075017700
6679529685,37.7964373,-122.4040582,amenity,bar,Kell’s,06075061101
6679598285,37.7994205,-122.4074577,amenity,bar,Maggie McGarrys,06075010600
6690681482,37.7653718,-122.4024083,amenity,arts_centre,San Francisco Center for the Book (SFCB),06075060702
6693595724,37.7851152,-122.4287829,,,Japan Center Building Office,06075015500
6693646152,37.7857434,-122.4293032,,,,06075015500
6693646153,37.7858811,-122.4286197,,,,06075015500
6693680670,37.78645,-122.4293142,,,Japanese American Citizens League National Headquarters,06075015500
6701950546,37.7799885,-122.483041,amenity,bank,Polam Federal Credit Union,06075047701
6703901967,37.790484,-122.4011509,,,Consulate General of Luxembourg in San Francisco,06075011700
6704394744,37.7802856,-122.4845848,amenity,cafe,Bambū,06075042700
6711302986,37.7641224,-122.456351,amenity,cafe,Starbucks,06075030101
6720332253,37.7476487,-122.47621,,,Eric Swanson,06075032801
6724844665,37.7965329,-122.4066749,amenity,bank,Chase,06075061101
6734155320,37.7645147,-122.4379445,amenity,cafe,Cafe Josephine,06075017000
6744687655,37.7760111,-122.414748,amenity,cafe,Coffee Cultures,06075017603
6744734325,37.7815247,-122.4931227,amenity,bar,Akiba,06075042700
6744734328,37.7815503,-122.4926671,,,TWIBC,06075042700
6744788662,37.7823521,-122.4943464,amenity,bar,Lincoln Park Bar & Grill,06075980200
6751311327,37.7818126,-122.4039325,,,Twenty,06075017801
6752626554,37.7937288,-122.4076062,,,中國國民黨駐美國總支部,06075011800
6752626558,37.794274,-122.408174,,,合和會館,06075011300
6773263589,37.7823339,-122.4497777,amenity,cafe,Padoca Cafe,06075015401
6773263596,37.782338,-122.4497209,,,B. O. L Global,06075015401
6776263386,37.7933154,-122.3945205,,,Google,06075061507
6786883947,37.7836507,-122.4439829,amenity,place_of_worship,Seventh-Day Adventist Church,06075015401
6789532553,37.7702242,-122.4535939,,,Curtis Lee,06075016602
6791585445,37.7829426,-122.4620142,,,,06075040100
6791676287,37.783106,-122.4639069,,,,06075040100
6791676291,37.7828417,-122.4641076,amenity,bar,High Treason,06075040100
6791676296,37.7827033,-122.4624039,,,,06075040100
6791676299,37.7828684,-122.4637149,amenity,cafe,Café Bunn Mi,06075040100
6791676302,37.7829075,-122.4629968,shop,convenience,T & L Market,06075040100
6791676304,37.7831325,-122.4631782,amenity,cafe,Amausaan Uji Matcha,06075040100
6791676305,37.7831031,-122.46428,amenity,bank,East West Bank,06075040100
6821548455,37.7817136,-122.4558161,,,L & L Realty Co.,06075015401
6824083559,37.7738211,-122.4175337,,,William Duff Architects,06075017700
6829148244,37.7802466,-122.4774067,amenity,cafe,Golden Donuts,06075047600
6829148246,37.7802335,-122.4776853,shop,convenience,Hokkaido Sashimi Marketplace,06075047600
6829148254,37.7802002,-122.4780009,amenity,cafe,Starbucks,06075047600
6829148263,37.7801867,-122.4788947,shop,convenience,Richmond Produce Market,06075047600
6831790660,37.7805195,-122.4712771,,,Pacifisia Realty,06075045201
6831790664,37.7809733,-122.4695178,amenity,bar,Would You Believe? Cocktails,06075040200
6831790667,37.7806414,-122.4687676,shop,convenience,Gourmand,06075045201
6831790671,37.7811616,-122.470622,,,Bayview Real Estate,06075040200
6831790677,37.780611,-122.4697821,amenity,bar,The Heath,06075045201
6831833987,37.7805681,-122.470578,shop,convenience,State Market,06075045201
6833462294,37.7807683,-122.4659505,,,Richmond Area Multi-Services,06075045202
6833462296,37.7806545,-122.4662597,,,Geary Plaza Offices,06075045202
6833462314,37.7827547,-122.4663274,amenity,cafe,Gourmet Dim Sum & Cafe,06075040200
6833462315,37.7807228,-122.4665611,shop,convenience,Modera Liquor & Wine,06075045202
6836067589,37.7773986,-122.462826,amenity,bar,O'Keeffe's,06075045100
6839009628,37.7812248,-122.4638605,amenity,bar,Overtime,06075040100
6839009631,37.7807923,-122.4646115,,,Tsao-Wu & Yee LLP,06075045202
6839019635,37.7810834,-122.4672468,,,Gaetani Real Estate,06075040200
6872253565,37.7686603,-122.3889072,amenity,bank,Chase,06075060701
6874544911,37.7419661,-122.4972843,amenity,place_of_worship,Bodhi Meditation Center,06075035300
6874544918,37.7418768,-122.504929,amenity,cafe,Avenues San Francisco,06075035400
6874561750,37.7418792,-122.5048589,amenity,bar,White Cap,06075035400
6874561751,37.752825,-122.5025301,amenity,place_of_worship,Hope Evangelical Free Church,06075035201
6907148617,37.762467,-122.4148018,,,Neuralink,06075022801
6907148618,37.7622102,-122.4104396,,,OpenAI,06075022801
6960980685,37.7932402,-122.4066062,amenity,cafe,Steap Tea & Snack Bar,06075011800
6960980688,37.7932355,-122.4066427,,,Overseas Fukienese Association,06075011800
6967881716,37.7750476,-122.468281,shop,convenience,Denhard's Market,06075045201
6981792684,37.7834546,-122.408035,,,Doordash HQ,06075017602
6986281616,37.7647819,-122.4171403,shop,convenience,Food Mart,06075017700
6986281630,37.7616067,-122.4148067,,,,06075022801
7012851704,37.7764869,-122.477665,amenity,cafe,The Coffee Movement,06075047600
7044717961,37.7721424,-122.4187754,shop,convenience,Tower Car Wash,06075020101
7044799092,37.7763736,-122.418569,amenity,bar,Mr. Tipple's Recording Studio,06075012405
7087200185,37.8000007,-122.4417527,amenity,cafe,Chestnut Coffee Roastery,06075012801
7091256016,37.7882409,-122.3936135,amenity,cafe,Starbucks,06075061507
7111635385,37.8002156,-122.4420273,amenity,cafe,causwells burgers,06075012700
7127196316,37.7608265,-122.43432,amenity,bar,Midnight Sun,06075020601
7147872653,37.7912223,-122.4021215,,,"Bracamontes & Vlasak, P.C.",06075011700
7177938158,37.7942664,-122.4057209,amenity,place_of_worship,Guan Yin Citta,06075011800
7191927745,37.7747227,-122.4039618,,,Ballestrasse Bail Bonds,06075018000
7194831085,37.7795535,-122.4233551,amenity,bank,,06075016200
7221701088,37.7992608,-122.450515,,,Lucasfilm,06075060100
7235618614,37.7823361,-122.416926,shop,convenience,,06075012403
7236129266,37.7810277,-122.4601659,shop,convenience,Stardust Market,06075045100
7237427005,37.8166546,-122.3708828,shop,convenience,Island Market & Deli,06075017903
7242089993,37.7904998,-122.4012232,,,Law Office Of Daniel H. Rose,06075011700
7267061313,37.7921871,-122.4019207,,,Law Offices Of Jeremy Pasternak,06075011700
7412507253,37.7227062,-122.4489158,amenity,school,Lick-Wilmerding High School,06075031202
7502504167,37.7859683,-122.4009069,amenity,cafe,Steps Coffee,06075061501
7660999610,37.78916,-122.4080214,,,Consulate General of the Philippines,06075011700
7671627302,37.7589764,-122.411733,,,Otherlab,06075022801
7807148000,37.7795639,-122.3945269,,,Wallarm,06075018000
7828003940,37.7946078,-122.4343205,amenity,school,Stuart Hall for Boys,06075013200
7828003941,37.7946767,-122.4340161,amenity,school,Convent High School,06075013200
7828003942,37.7946957,-122.4335695,amenity,school,Convent Elementary School,06075013200
7876524201,37.7318373,-122.4479698,amenity,bar,Friend's Bar,06075031100
7930487600,37.7742712,-122.450187,amenity,school,New Traditions Elementary School,06075016500
7949016221,37.7606993,-122.3884202,amenity,cafe,Happy Cow Creamery & Tea,06075022600
7956034236,37.7869574,-122.3996788,,,FreePN Headquarters,06075061501
8086477049,37.7878482,-122.420457,,,Yemen Consulate,06075012001
8115074939,37.7921661,-122.4019314,,,"Conn Law, PC",06075011700
8118129757,37.7268873,-122.391499,amenity,cafe,The Den By Craftsman And Wolves,06075023200
8119748208,37.7737911,-122.4660538,amenity,cafe,Rise & Grind,06075045202
8140177640,37.7972287,-122.4352703,shop,supermarket,Luke's Local,06075013002
8248612191,37.7591647,-122.435253,amenity,cafe,Spike's Coffees and Teas,06075020500
8252704387,37.7096699,-122.4456009,shop,convenience,Lowell Market,06075026303
8262441683,37.7158,-122.4710045,amenity,place_of_worship,Salvation Army All Nations Corps,06075031302
8343314230,37.7279972,-122.3939586,,,Young Community Developers,06075023300
8386152677,37.7879258,-122.3903167,shop,convenience,Gabby’s Market and Deli,06075061506
8410287828,37.7756701,-122.4181333,,,Block,06075017603
8414390748,37.7577351,-122.3899345,amenity,cafe,Piccino Coffee Bar,06075022600
8421358944,37.788685,-122.442084,shop,convenience,Christa Wonderful Market,06075013402
8439329895,37.754357,-122.390034,amenity,cafe,Philz Coffee,06075022600
8441067618,37.7985603,-122.4484983,,,Humanity United,06075060100
8444493288,37.7839862,-122.4432127,shop,convenience,Royal Market,06075015401
8444510291,37.7846931,-122.4433343,shop,convenience,Indian Market & Liquor,06075015401
8641738716,37.7249773,-122.4603378,,,LT Group - Compass Real Estate,06075031000
8641759954,37.7249687,-122.4602869,,,Compass Real Estate,06075031000
8641835236,37.7244571,-122.4580183,amenity,cafe,Indulgence Tea Bar,06075031000
8641835237,37.7244089,-122.457863,amenity,music_school,Vibo Music School,06075031000
8660683670,37.7655724,-122.4018546,,,Mike & Maaike,06075060702
8660683671,37.7659521,-122.402155,amenity,cafe,Cafe Da Fónk,06075060702
8660781398,37.7676342,-122.4005752,amenity,cafe,Makers Cafe,06075060702
8663867589,37.7103977,-122.46765,shop,supermarket,H Mart,06075031302
8689758450,37.7763302,-122.4150671,amenity,cafe,All Star Cafe,06075017603
8707161913,37.8026517,-122.406101,amenity,cafe,Coit Tower Cafe,06075010402
8707797871,37.7878154,-122.40362,amenity,bank,Chase,06075011700
8726594293,37.7910309,-122.4031493,,,Twitch Interactive,06075011700
8726594299,37.7914886,-122.4026644,,,California State Chamber of Commerce Building,06075011700
8748507817,37.7939099,-122.394905,,,Autodesk,06075061507
8748526599,37.790832,-122.390931,,,Gap Inc.,06075061507
8815131920,37.7630122,-122.4283567,amenity,cafe,Morning Due Café,06075020300
8836991300,37.7351836,-122.3907785,amenity,cafe,Tallio’s,06075061200
8839418010,37.8090865,-122.4120659,,,Blue & Gold Fleet,06075010101
8839646288,37.7977269,-122.3958784,,,City Experiences,06075010500
8870317017,37.7611704,-122.434173,amenity,cafe,Castro Country Club,06075020601
8870738758,37.7278014,-122.476682,amenity,cafe,Quickly,06075033201
8870738759,37.7271448,-122.4770508,amenity,cafe,gram,06075033201
8893186811,37.7117952,-122.4558476,shop,convenience,ExtraMile,06075031401
8893186812,37.7130572,-122.4563881,shop,convenience,Ana's Market,06075031401
8893716219,37.7167674,-122.4496596,amenity,place_of_worship,Paradise Missionary Baptist Church,06075031401
8999145714,37.7884888,-122.3988106,,,Deloitte,06075061501
9000171989,37.7949481,-122.3989492,amenity,bank,Chase,06075010500
9000171990,37.7946776,-122.3988661,amenity,cafe,Peet's Coffee,06075010500
9000171992,37.7945803,-122.399242,amenity,bank,First Republic Bank,06075010500
9000171994,37.7934876,-122.39898,amenity,bank,Charles Schwab,06075011700
9023334561,37.8112453,-122.4103446,amenity,bar,Luau Lounge Tiki Bar,06075010101
9039239245,37.7887758,-122.4506929,,,Consulate General of the Republic of Korea,06075013300
9039255113,37.8012883,-122.411387,amenity,bar,Bodega Wine Bar,06075010401
9039259947,37.8045797,-122.4166273,,,Consulate General of the Republic of Indonesia,06075010300
9040067569,37.7390827,-122.467438,,,Ribera Law Firm,06075030800
9046364948,37.8032002,-122.4146113,amenity,bar,La Rocca's Corner,06075010300
9046799429,37.771409,-122.4369401,amenity,cafe,Tea & Others,06075016700
9046808515,37.7947543,-122.4103018,amenity,cafe,The Coffee Movement,06075011300
9093309161,37.7894073,-122.3895538,,,Google,06075061507
9118889554,37.727863,-122.3937285,amenity,cafe,Cafe Envy,06075023300
9132814110,37.7760934,-122.4432864,shop,convenience,NOPA Corner Market,06075016500
9147266528,37.7528381,-122.503584,shop,supermarket,Gus's Community Market,06075035201
9153766717,37.7995461,-122.4397328,amenity,cafe,twisted,06075012802
9181748926,37.7896441,-122.4119492,amenity,bar,Stookey's Club Moderne,06075012100
9181815639,37.7871545,-122.4164929,amenity,bar,Propagation,06075012204
9194418334,37.7862881,-122.4102178,amenity,cafe,Black Sugar,06075012301
9200292423,37.78488,-122.4317191,amenity,cafe,Matcha Cafe Maiko,06075015500
9200292442,37.7851784,-122.4316091,amenity,bar,Festa Wine & Cocktail Lounge,06075015500
9203665042,37.7877396,-122.4137255,shop,convenience,EM Deli,06075012100
9208579481,37.7890025,-122.3982146,,,Stonebrook Law,06075061501
9211072804,37.7905015,-122.4171721,amenity,cafe,Nourish Cafe,06075011102
9231385805,37.7926915,-122.399022,,,Bell Resources,06075011700
9251446486,37.7605884,-122.4384111,shop,convenience,Rainbow Market,06075020500
9254580053,37.7883367,-122.4335814,amenity,bar,Harry's Bar,06075015202
9258477743,37.7874194,-122.433406,amenity,cafe,Compton's Coffee House,06075015202
9299593122,37.7884207,-122.402818,amenity,cafe,CoCo Fresh Tea & Juice,06075011700
9301912409,37.7871159,-122.4044766,amenity,cafe,Cafe Dolci,06075011700
9301919024,37.7836132,-122.408922,,,Nylas,06075012503
9310023359,37.7816161,-122.4082332,,,Code for America,06075017602
9322450623,37.787738,-122.4087185,amenity,bar,Clock Bar,06075012302
9322450624,37.7853003,-122.4109326,amenity,bar,Cityscape Lounge,06075012301
9328656115,37.7887317,-122.4115659,amenity,bar,Persona,06075012100
9328898384,37.7862923,-122.4073527,amenity,bar,Elements Bar and Lounge,06075011700
9339818287,37.7877353,-122.4120028,amenity,cafe,Joy's Place,06075012302
9339973638,37.7891926,-122.4098437,amenity,cafe,Bluestone Lane,06075012100
9341088550,37.791139,-122.4022624,amenity,cafe,Red Bay Coffee,06075011700
9341171152,37.8004562,-122.4382664,amenity,bar,California Wine Merchant,06075012802
9347722227,37.7953532,-122.4066263,amenity,cafe,Sweetheart Cafe,06075061102
9347722231,37.7942201,-122.406239,amenity,cafe,Matcha Cafe Maiko,06075011800
9349960764,37.7944403,-122.407869,amenity,cafe,Metro Milk Tea Hong Kong Dessert,06075061102
9349987279,37.7946598,-122.4069961,amenity,cafe,iCafe Chinatown,06075061102
9354883874,37.7879068,-122.4198211,amenity,bar,R Bar,06075012001
9383026248,37.7917415,-122.4026733,amenity,cafe,Joe & The Juice,06075011700
9395351217,37.7987122,-122.4018193,,,U. S. Citizenship and Immigration Service (USCIS) Application Center,06075010500
9397915518,37.7886956,-122.4137168,amenity,cafe,Cafe Bean,06075012100
9398423285,37.7894417,-122.4061596,,,KSH Architects,06075011700
9398651187,37.7958452,-122.4065496,amenity,cafe,Lady Luck Cafe,06075061101
9398651188,37.7961952,-122.4060114,,,,06075061101
9398686061,37.7955879,-122.4073344,amenity,cafe,By Me Boba Tea,06075061102
9401048618,37.7910182,-122.4161898,amenity,bar,Zeki's Bar,06075011102
9403976636,37.7593947,-122.4215294,amenity,bar,The Beehive,06075020701
9408415652,37.7882886,-122.4153113,amenity,cafe,Berlin Döner & Kebab House,06075012002
9417009224,37.7771768,-122.4248533,amenity,cafe,NaYa Dessert Cafe,06075016200
9417077145,37.7846198,-122.40338,amenity,cafe,Sharetea,06075061501
9426889455,37.7894691,-122.4133918,shop,convenience,Market Mayflower and Deli,06075012100
9426889457,37.7896132,-122.4140215,amenity,cafe,Morning Fix Cafe,06075011901
9426889459,37.7894216,-122.4138435,shop,convenience,Round The Clock Market,06075012100
9427187532,37.791264,-122.405811,amenity,cafe,Home Coffee Roasters,06075011700
9427236840,37.7863951,-122.409248,amenity,cafe,Gong Cha,06075012301
9427241921,37.7863575,-122.4095909,shop,convenience,Fred's Food Mart,06075012301
9429304814,37.7415975,-122.3872984,amenity,bank,Union Bank,06075061200
9434341039,37.7871832,-122.4163205,amenity,cafe,Sammie Cafe,06075012204
9434351225,37.7954337,-122.4131227,amenity,cafe,Cafe Isabella,06075010800
9446437511,37.7905471,-122.4140681,shop,convenience,Pine & Jones Market,06075011901
9456849306,37.7853991,-122.407303,,,Consulate General of Peru,06075011700
9459210057,37.7813743,-122.4606303,amenity,cafe,Little Sweet,06075040100
9465192362,37.7911517,-122.4227598,amenity,bank,First Republic Bank,06075013102
9485438518,37.7948949,-122.4043153,,,Consulado General De Guatemala,06075061101
9502079155,37.7871545,-122.4033876,,,Unity,06075061501
9502079156,37.7870835,-122.4032843,amenity,bar,Kona’s Street Market,06075061501
9507011271,37.8056564,-122.4227625,amenity,cafe,Palette Tea House,06075010202
9513012002,37.7903413,-122.4025611,amenity,cafe,Caffe Ambrosia,06075011700
9518764059,37.7873236,-122.4073264,amenity,bar,Wine Bar,06075011700
9518764060,37.7873246,-122.4075665,amenity,cafe,Starbucks,06075011700
9536469189,37.8004546,-122.4074565,amenity,cafe,Cafe Jaqueline,06075010600
9536469191,37.8002745,-122.4074183,amenity,bar,Savoy Tivoli,06075010600
9538820419,37.7937447,-122.3968698,amenity,cafe,Le Regency Deli Cafe,06075011700
9538820439,37.7937667,-122.3967216,amenity,bar,Terminus,06075011700
9538820448,37.7942834,-122.3976155,amenity,cafe,Joe & The Juice,06075011700
9547878093,37.7688505,-122.428257,amenity,cafe,Starbucks,06075016900
9553542990,37.7865852,-122.4100485,amenity,cafe,Cafe 22,06075012301
9557058880,37.7728838,-122.4234875,amenity,cafe,Boba Guys,06075016802
9561463366,37.7541211,-122.4162892,amenity,cafe,The Little Spot Cafe,06075022803
9579873173,37.7857142,-122.4299995,amenity,bar,Pagoda,06075015500
9579873183,37.7856299,-122.430559,amenity,cafe,Crown & Crumpet,06075015500
9579899926,37.7858111,-122.4288927,amenity,cafe,YakiniQ Cafe,06075015500
9581952684,37.7857024,-122.4300336,amenity,bar,Fermentation Lab,06075015500
9589058972,37.7815953,-122.4170675,amenity,cafe,Philz Coffee,06075012403
9589058980,37.7813468,-122.4169904,amenity,cafe,Philz Coffee,06075012405
9592886313,37.74044,-122.4031529,amenity,bar,Sequoia Sake tasting room,06075980900
9593474639,37.7858838,-122.4132729,amenity,bar,The Library,06075012302
9596331674,37.7699933,-122.4133375,amenity,bar,SF Eagle,06075017700
9596331675,37.7731291,-122.4121937,amenity,bar,Powerhouse,06075017803
9602091692,37.7957379,-122.4062528,amenity,bar,Lion's Den Bar & Lounge,06075061101
9602225658,37.7941424,-122.4062173,amenity,cafe,Little Jane on Grant,06075011800
9602333336,37.7871084,-122.4186333,shop,convenience,S&B Grocery Liquors,06075012002
9602333340,37.7871752,-122.4181867,amenity,bar,Members Only,06075012002
9611547717,37.7612626,-122.4308306,amenity,cafe,Le Marais Bakery,06075020601
9632596713,37.8058508,-122.4252114,,,"Williams-Sonoma, Inc.",06075010202
9644830241,37.8075229,-122.4189189,amenity,cafe,Quickly,06075010101
9649588765,37.7817533,-122.4160101,amenity,cafe,Fluid Cooperative Cafe,06075012403
9655241060,37.7768284,-122.424297,amenity,bar,Anina,06075016200
9656743669,37.793075,-122.3997743,amenity,cafe,Starbucks,06075011700
9657626206,37.7741196,-122.4232073,shop,convenience,Nick's Super Market,06075016802
9657629728,37.7879097,-122.4027988,amenity,bar,The Lark Bar,06075061501
9657629729,37.7878169,-122.4029002,amenity,cafe,Junbi Matcha & Tea,06075061501
9659734537,37.7938792,-122.397389,amenity,bank,Bank of America,06075011700
9659740450,37.7870831,-122.4114078,amenity,bar,The European,06075012302
9659806929,37.7866893,-122.4144477,amenity,bar,Resolute,06075012302
9659806955,37.7879961,-122.4191375,amenity,cafe,Le Marais Bakery Market Cafe,06075012001
9659806958,37.7877083,-122.4197102,,,Interstice Architects,06075012002
9662065899,37.7736071,-122.4218682,amenity,bar,Hôtel Biron,06075016802
9668080626,37.8063705,-122.419231,,,"Antonini CPAs, LLP",06075010202
9675631719,37.7756519,-122.4226107,amenity,cafe,Planet Cafe,06075016200
9684320117,37.7681534,-122.424176,amenity,bar,Bar Part Time,06075020202
9685920711,37.7739954,-122.420338,,,UA Local 38 Plumbers & Pipefitters,06075020101
9687217913,37.7899932,-122.4008494,,,Change.org,06075011700
9687217914,37.7900968,-122.400742,,,,06075011700
9687222834,37.776071,-122.426033,,,Tumult Inc.,06075016200
9702050409,37.7574765,-122.4099541,amenity,cafe,CoffeeShop,06075022803
9704672158,37.7833267,-122.420665,amenity,cafe,Van Ness Cafe & Gyros,06075012406
9706002000,37.7732297,-122.4228691,,,The Veen Firm,06075016802
9718392236,37.7695069,-122.42595,,,Keller Grover LLP,06075020202
9718392239,37.7700275,-122.426141,,,Block Advisers,06075016801
9723831880,37.7893608,-122.4340823,amenity,cafe,Jane,06075013500
9725808922,37.7876717,-122.43005,amenity,language_school,WEEKEND en espanol,06075015202
9727962573,37.8110913,-122.4109994,,,Pier 39 Operations Office,06075010101
9731296928,37.7803446,-122.390613,,,Cloudflare,06075060701
9735505781,37.784526,-122.4179285,amenity,cafe,Sweet Glory,06075012202
9735505803,37.7844434,-122.4179158,amenity,cafe,Quickly,06075012202
9784537389,37.7913262,-122.402849,,,Boydstun & Klingner CPA's,06075011700
9789013348,37.7939753,-122.40029,,,Consulate-General of Japan,06075011700
9789228943,37.7937974,-122.4002434,amenity,cafe,Lou's Sandwiches Cafe,06075011700
9790719931,37.7650584,-122.4217155,amenity,cafe,Manny's,06075020102
9794184321,37.7534462,-122.4912857,shop,supermarket,Boss Supermarket,06075032902
9839588385,37.7934482,-122.4001869,,,SVB Private,06075011700
9845699052,37.7841757,-122.4325036,amenity,bar,The Social Study,06075015900
9848674227,37.7480821,-122.4959686,amenity,school,Saint Ignatius College Preparatory,06075035300
9849528033,37.7886617,-122.4139387,amenity,cafe,The Bird Cage,06075012100
9857244130,37.7973778,-122.4038543,amenity,cafe,Blue Bottle Coffee,06075010600
9861755702,37.7858747,-122.4181987,amenity,bar,Young's Kung Fu Action Theatre & Laundry,06075012202
9863215086,37.7880475,-122.4321382,shop,convenience,Natural Market,06075015202
9863236231,37.788695,-122.4235471,shop,convenience,Franklin Market Deli,06075015100
9863236237,37.7881683,-122.423429,amenity,cafe,Haraz Coffee House,06075015100
9864838652,37.774724,-122.4207064,amenity,cafe,Buoy,06075016802
9865529017,37.7630641,-122.4570483,amenity,hospital,,06075030102
9868864104,37.7943987,-122.3998653,amenity,bank,Comerica,06075010500
9869203373,37.7937743,-122.3990314,amenity,cafe,Bluestone Lane,06075011700
9869464068,37.7938439,-122.4161675,shop,convenience,Nob Hill General Store,06075011200
9875708643,37.7573732,-122.3880403,,,The Cheese School of San Francisco,06075022600
9875708655,37.8058477,-122.4229027,amenity,cafe,Foghorn Coffee,06075010202
9877596391,37.8075245,-122.4203304,amenity,bar,Winery Collective,06075010202
9879815798,37.7896998,-122.4341646,amenity,cafe,Peet's Coffee,06075013500
9894348402,37.7767094,-122.4236198,amenity,cafe,Zero&,06075016200
9896481396,37.7867126,-122.4200542,shop,convenience,Polk N Post Convenience Store,06075012202
9897737049,37.7871903,-122.403701,amenity,cafe,Blue Bottle Coffee,06075061501
9904924274,37.7807214,-122.4749685,amenity,bank,Preferred Bank,06075042602
9908618530,37.7835229,-122.4224598,shop,convenience,College Market,06075016000
9916225317,37.795083,-122.4076087,amenity,cafe,Yi Fang Tea,06075061102
9928466993,37.7166966,-122.441377,amenity,cafe,Cafecito Latino,06075026100
9937968787,37.7739546,-122.4186072,amenity,cafe,Blue Bottle Coffee,06075017700
9943927508,37.7903654,-122.4041287,amenity,bar,Nightingale,06075011700
9944715428,37.7922213,-122.4346937,,,Land Legacy,06075013500
9948792849,37.7522259,-122.4170119,,,The Story of Ramen,06075020900
9953569706,37.784425,-122.4399178,amenity,cafe,Emmita's Cafe,06075015500
9953639997,37.7676157,-122.4292301,amenity,bank,Sterling Bank & Trust,06075016900
9955974083,37.7862911,-122.417614,shop,convenience,Mid City Market,06075012203
9956011492,37.7861477,-122.4186933,shop,convenience,Salem Grocery and Liquor,06075012202
9956019832,37.7863289,-122.4172114,amenity,cafe,Mongol Cafe,06075012203
9956028492,37.7772288,-122.41938,amenity,cafe,Starbucks,06075012405
9956029007,37.7869905,-122.4231846,amenity,cafe,Cafe Pacific Plaza,06075015100
9958548306,37.7676721,-122.4282827,amenity,bar,Millay,06075020300
9965231392,37.7744522,-122.4378891,amenity,place_of_worship,Freedom Place Church,06075016400
9968432744,37.7921336,-122.4037975,,,Morgan Stanley,06075011700
9968944465,37.7810491,-122.4002187,amenity,cafe,Delah Coffee,06075017801
9976266125,37.7923826,-122.401163,shop,convenience,7-Eleven,06075011700
9980206042,37.768947,-122.4315065,amenity,cooking_school,Chef Joe's Culinary Salon,06075016900
9982751632,37.7234952,-122.45502,amenity,bank,Wells Fargo,06075031201
9982769611,37.7600692,-122.4238274,amenity,cafe,Dolores Outpost,06075020702
9982793233,37.7464738,-122.4225349,shop,convenience,Indian Market and Liquor,06075021500
9982800259,37.763283,-122.4238326,shop,convenience,Hom's Grocery and Liquor,06075020201
9989511335,37.7856461,-122.4133687,amenity,cafe,The TL Cafe and Laundromat,06075012301
9991812620,37.7828911,-122.4142279,shop,convenience,Maryland Market,06075012404
9991815244,37.7829243,-122.413955,shop,convenience,T.L. Market & Deli,06075012502
9993971559,37.7872429,-122.418484,,,New World,06075012002
9994003454,37.7841367,-122.4208432,shop,convenience,Van Ness Market,06075012202
9995631917,37.7768703,-122.392833,amenity,bank,Chase,06075060703
9995635821,37.7855184,-122.4143931,shop,convenience,Econo Market,06075012301
9998915751,37.7820038,-122.4157387,,,Homeless Advocacy Project,06075012403
10000454690,37.7875186,-122.4057651,amenity,cafe,Fresh Market,06075011700
10000698133,37.7905241,-122.4024465,amenity,cafe,Coffee Bar,06075011700
10000702973,37.7922752,-122.406282,,,"Pantheon Systems, Inc.",06075011700
10000755452,37.7879166,-122.4087576,amenity,bar,ENO Wine Bar,06075012302
10002504579,37.7965512,-122.4050111,,,American Zoetrope,06075061101
10002539449,37.7944221,-122.3959858,amenity,cafe,The Market,06075010500
10002983840,37.7828226,-122.4701975,amenity,cafe,Diamond,06075040200
10003174710,37.7821887,-122.483683,shop,convenience,Cigarette Depot & Market,06075042601
10003199351,37.7818774,-122.4911631,amenity,cafe,The Art Bistro,06075042700
10003229918,37.7795035,-122.4937216,amenity,cafe,Koolah Cafe,06075047802
10005629583,37.7858499,-122.4211811,amenity,cafe,Starbucks,06075012202
10007662660,37.7824205,-122.4189193,amenity,cafe,Unexpected Era Cafe,06075012406
10012048156,37.7833726,-122.4191125,amenity,bar,Secret Bar & Lounge,06075012406
10013767308,37.7777196,-122.4195624,amenity,bar,uccello Lounge,06075012405
10016602471,37.786395,-122.407324,amenity,cafe,Caffe Central,06075011700
10017342940,37.7828286,-122.4030064,shop,convenience,,06075017801
10021953858,37.7496855,-122.3858699,amenity,cafe,Madam Zola's Fortune,06075980900
10023428672,37.7849643,-122.4129526,shop,convenience,Starlight Market,06075012301
10023428673,37.784952,-122.4130574,amenity,cafe,Cafecito,06075012301
10023511509,37.7849332,-122.4073482,,,Avloni Law,06075011700
10027951761,37.7813718,-122.4110371,,,Urban Alchemy,06075017604
10037896083,37.7821458,-122.4275578,shop,convenience,,06075015900
10039959914,37.7893574,-122.4135672,amenity,cafe,Hideaway Cafe,06075012100
10043936904,37.7978985,-122.407759,amenity,bar,Cold Drinks Bar,06075010701
10049432623,37.762776,-122.4286683,amenity,cafe,Spro,06075020601
10049719385,37.76778,-122.4298407,,,Core7 Real Estate,06075016900
10057579916,37.8263913,-122.3704466,shop,supermarket,Island Cove Market,06075017903
10069588754,37.7105399,-122.468604,amenity,bank,Chase,06075031302
10069609135,37.7562816,-122.419038,amenity,cafe,Grand Coffee Too,06075020801
10074122538,37.7879669,-122.396171,amenity,bank,Silicon Valley Bridge Bank,06075061503
10076204406,37.78511,-122.4176623,amenity,cafe,Cafe la Rosa,06075012203
10077749892,37.7856223,-122.4195347,shop,convenience,California Produce,06075012202
10080940263,37.7907899,-122.4049036,,,Crunchyroll,06075011700
10085684275,37.7886181,-122.4197651,,,Fong & Chan Architects,06075012001
10086116966,37.7528485,-122.5046242,amenity,cafe,Bobaville,06075035201
10087831711,37.7951052,-122.4218561,amenity,cafe,Sidewalk Café,06075011002
10095744878,37.7936719,-122.4065757,amenity,bar,Moongate Lounge,06075011800
10128420531,37.7912938,-122.4021563,,,Delfino Green & Green,06075011700
10128454136,37.7909836,-122.4209223,amenity,bar,Ora Wine Bar,06075011101
10130963824,37.7990177,-122.3990885,,,Zoox,06075010500
10132982058,37.7879798,-122.419281,shop,convenience,Sutter Market,06075012001
10135647931,37.797812,-122.4459569,shop,convenience,Presidio Food Market,06075012801
10139041368,37.8061975,-122.4230705,amenity,cooking_school,Culinary Artistas,06075010202
10158817989,37.7721566,-122.4108479,amenity,bar,Lone Star Saloon,06075017803
10158842727,37.7787752,-122.3923716,amenity,bar,Kaiyō Rooftop,06075060701
10168032990,37.7233608,-122.454275,amenity,bar,Randy's Place,06075031201
10207401713,37.7777012,-122.4142059,,,Move Central Movers & Storage San Francisco,06075017603
10216154740,37.7605256,-122.5065849,,,San Francisco Gem and Mineral Society,06075035202
10222803117,37.7924176,-122.4024634,,,Consulate-General of Brazil,06075011700
10233348103,37.7749527,-122.4036675,,,Uthman Law Office,06075018000
10245091117,37.7784946,-122.3970222,,,Side,06075018000
10247043461,37.7741005,-122.4042641,,,Workstream,06075018000
10251807817,37.778945,-122.3976076,,,SingleStore,06075018000
10258023583,37.771409,-122.4351414,amenity,cafe,Sidewalk Juice,06075016700
10261540889,37.776053,-122.4028633,amenity,bank,The Police Credit Union,06075018000
10261540890,37.7759409,-122.402946,amenity,cafe,Social Cafe,06075018000
10264356667,37.7926921,-122.4061053,amenity,cafe,Jade Chocolates,06075011800
10266557498,37.7761362,-122.4029205,,,San Francisco Police Officers Association,06075018000
10270473366,37.780097,-122.394622,,,Kinoko,06075018000
10271231054,37.7901979,-122.4035928,,,Epam,06075011700
10276801614,37.7748407,-122.4187789,,,SFMTA Customer Service Center,06075017700
10303811690,37.8008439,-122.4369311,amenity,bar,The Horseshoe,06075012601
10309959735,37.7777128,-122.4250043,shop,convenience,Grove St Market,06075016200
10309959742,37.7762192,-122.4216327,amenity,bar,B-Side,06075016200
10311776854,37.7746125,-122.465134,shop,supermarket,Safeway,06075045202
10312292563,37.7855979,-122.4286408,amenity,bar,Nari,06075015500
10313545187,37.7807635,-122.4235877,amenity,bank,San Francisco Federal Credit Union,06075016000
10538306969,37.7939797,-122.4006303,amenity,cafe,Il Canto Cafe,06075011700
10538307836,37.7922687,-122.3979264,amenity,cafe,Nosh Cafe & Catering,06075011700
10538343244,37.794122,-122.404378,amenity,bar,EZ5 Cocktails,06075061101
10538343245,37.7925492,-122.4062138,amenity,bar,Blind Pig,06075011800
10542240181,37.7933614,-122.421405,amenity,cafe,Up For Dayz,06075011001
10542243242,37.7901325,-122.4220758,,,Coldwell Banker,06075011102
10542243245,37.7918824,-122.422886,,,H&R Block,06075013101
10542248285,37.7950336,-122.4224089,,,Feldman Architecture,06075011002
10544367167,37.7248407,-122.4345033,amenity,cafe,Double Shot Coffee,06075026001
10548648274,37.7608198,-122.4122043,,,Roam robotics,06075022801
10548709314,37.7558386,-122.3907401,,,Simbe robotics,06075022600
10553760201,37.7802556,-122.4200416,amenity,bank,Chase,06075012405
10553806539,37.7906326,-122.4213135,,,Edward Jones,06075011101
10553806549,37.7921016,-122.4211797,,,W Real Estate,06075011101
10553806550,37.792051,-122.4211711,amenity,place_of_worship,Christian Science Reading Room,06075011101
10555405433,37.7774561,-122.4168472,amenity,bank,Redwood Credit Union,06075012405
10555418966,37.7647759,-122.4078816,shop,convenience,Food Mart,06075017700
10555756044,37.7831082,-122.4125961,shop,convenience,G&H Liquor and Grocery,06075012502
10555829843,37.7648164,-122.4213338,amenity,bar,Mother,06075020102
10555829845,37.7648236,-122.4214676,amenity,cafe,El Cafe Tazo,06075020102
10555829846,37.7648183,-122.4215576,amenity,bar,Skylark,06075020102
10558070235,37.7554502,-122.4171081,amenity,bar,Buddy,06075020900
10558492785,37.7606299,-122.388354,amenity,bar,Third Rail,06075022600
10560594653,37.7857881,-122.4122648,shop,convenience,Wally's Community Market,06075012301
10569489957,37.7602739,-122.4369332,amenity,language_school,German School of San Francisco,06075020500
10573779784,37.7737367,-122.4379824,shop,convenience,Fast Fill Market,06075016400
10575364924,37.7774528,-122.4381055,amenity,cafe,Boba Guys,06075015802
10575981868,37.7853308,-122.4175548,amenity,bar,Club Kristi,06075012203
10587825670,37.7619935,-122.4186825,,,Taxes Romero,06075020802
10592469559,37.7235352,-122.4537441,amenity,cafe,Acai R,06075031000
10592504203,37.7235056,-122.4536124,amenity,cafe,Philz Coffee,06075031000
10593163026,37.7125697,-122.4445857,shop,convenience,Brothers Market,06075026303
10600380560,37.7574019,-122.4187743,amenity,bar,Bar TZA,06075020801
10606540535,37.7616404,-122.4242714,amenity,cafe,Fayes Coffee,06075020702
10607174161,37.7629672,-122.4192737,amenity,cafe,Abanico Coffee Roasters,06075020802
10609148148,37.777723,-122.395486,,,PayJoy,06075018000
10609307759,37.7616733,-122.4236575,shop,convenience,Pay and Save Grocery,06075020702
10609321450,37.7598896,-122.4235127,shop,convenience,Guerrero Market & Deli,06075020701
10609477671,37.7603692,-122.4186233,amenity,bar,Royal Cuckoo Market,06075020802
10610255658,37.7290661,-122.4763228,shop,supermarket,Whole Foods Market,06075033201
10628333444,37.7813933,-122.3918002,,,Cloudflare,06075061502
10635333073,37.7594967,-122.4114886,amenity,bar,True Laurel,06075022801
10635345334,37.765597,-122.4133319,amenity,bar,Jolenes Bar,06075017700
10635345503,37.7631085,-122.4123384,amenity,cafe,Front Exhibits & Cafe,06075022801
10635824452,37.7575118,-122.4094386,amenity,bar,El Chato,06075022803
10650519570,37.7527862,-122.4108916,shop,convenience,GGP Market,06075022902
10650773833,37.7526634,-122.4139194,shop,convenience,W-K Market Super Discount,06075022901
10650900972,37.7544424,-122.4104391,amenity,place_of_worship,Templo Lirio De Los Valles,06075022803
10650906957,37.754389,-122.4112562,shop,convenience,Mission Groceteria,06075022803
10652785994,37.7530051,-122.4075605,amenity,place_of_worship,Iglesia de Dios,06075022903
10652821576,37.7527201,-122.4089789,shop,convenience,Samy’s Liquor,06075022903
10653649605,37.7526783,-122.4096086,amenity,cafe,L’s Caffe,06075022902
10653793784,37.752839,-122.4102104,amenity,place_of_worship,Mission Fellowship,06075022902
10656538218,37.7591183,-122.4096004,shop,convenience,Liquor Grocery,06075022801
10656542901,37.7560867,-122.4095998,shop,convenience,King’ Market,06075022803
10656557655,37.7634427,-122.4126495,,,Unistellar,06075022801
10656761597,37.7527255,-122.4121046,amenity,cafe,Temo's Coffee,06075022901
10665597197,37.7836406,-122.4157598,shop,convenience,I.C.U.,06075012404
10674834860,37.7875505,-122.4455577,shop,convenience,California & Lyon Market,06075013300
10674834861,37.7878934,-122.440821,amenity,cafe,b Patisserie,06075015300
10674834862,37.7879036,-122.4406775,amenity,cafe,Tea Hut,06075015300
10681135965,37.791236,-122.3983565,,,MGAC San Francisco,06075061501
10682058859,37.7881709,-122.4159863,amenity,cafe,Cozy Cafe,06075012002
10691813137,37.7567679,-122.4209538,shop,convenience,Valencia Exotic cigar & liquors,06075020801
10698549700,37.775669,-122.4258548,amenity,cafe,Urban Ritual,06075016200
10699811569,37.7759641,-122.4021501,,,219 Design,06075018000
10708025144,37.7729028,-122.4275207,,,Hayes Valley North Leasing Office,06075016802
10711245259,37.753846,-122.4210416,amenity,cafe,Upfordayz,06075021000
10719976675,37.7760277,-122.4212428,amenity,cafe,Nina's Cafe,06075016200
10728684336,37.744021,-122.3843493,amenity,cafe,Vasquez Coffee Company,06075980900
10736113404,37.7537324,-122.4911443,shop,convenience,Mulan's Market,06075032902
10741781695,37.761235,-122.4163173,,,Capella Space,06075022801
10749466027,37.7995839,-122.4094048,amenity,cafe,Cafe Angolo,06075010702
10750240727,37.7903985,-122.404841,,,Brighton Jones,06075011700
10772654105,37.7232808,-122.4356679,amenity,cafe,Mr. T Cafe,06075026001
10780794722,37.779374,-122.3931598,amenity,bar,Alchemist,06075061502
10780794751,37.7781636,-122.3939,amenity,cafe,Cafe Lambretta (Cento Coffee),06075018000
10780794754,37.7793221,-122.3930975,amenity,bar,Woodbury,06075061502
10785047734,37.7807789,-122.458364,shop,convenience,ExtraMile,06075015600
10789130178,37.7226274,-122.478827,amenity,cafe,Quickly,06075033201
10794112885,37.7802753,-122.4767481,shop,supermarket,Royal Market,06075047600
10794112894,37.7803117,-122.4756336,amenity,bank,OneMain Financial,06075047600
10797495286,37.7798921,-122.485121,,,George Jee Insurance Services,06075047701
10805597225,37.7969141,-122.3949472,,,The Port of San Francisco,06075010500
10806697930,37.7715268,-122.391437,amenity,cafe,Happy Lemon,06075060701
10806697934,37.7717758,-122.3911422,amenity,bank,Bank of America,06075060701
10811623677,37.7717036,-122.4135179,,,Loft Orbital Solutions,06075017803
10820582874,37.7821691,-122.4845641,amenity,cafe,Royal Ground Coffee,06075042700
10828076815,37.7620224,-122.4184721,amenity,cafe,Fox and Lion Bread Company,06075020802
10830894145,37.7822914,-122.4814038,amenity,school,Bambini Montessori School,06075042601
10858358943,37.7820065,-122.4824572,shop,convenience,Bourbon County,06075042601
10859130854,37.7807165,-122.40371,,,Renaissance Entrepreneurship Center,06075017801
10859130858,37.7820127,-122.4059537,,,Yahoo!,06075017602
10859142440,37.781776,-122.3962152,shop,convenience,Jack’s Market,06075061502
10859142472,37.7840748,-122.3983137,amenity,bar,Wine Down,06075061503
10859142481,37.785113,-122.39875,,,Anaplan,06075061503
10859142489,37.786067,-122.3988497,,,Finix,06075061503
10859142500,37.7864016,-122.3990141,,,Vanguard Properties,06075061501
10859142502,37.7866133,-122.3992958,amenity,cafe,Sana’a Cafe,06075061501
10859142514,37.7861567,-122.400006,,,sköna*,06075061501
10869882840,37.7794424,-122.3948637,,,Capgemini,06075018000
10869899387,37.7896802,-122.3892489,amenity,bank,United Business Bank,06075061507
10869899425,37.7836098,-122.3901399,,,AFI Real Estate,06075061508
10869899429,37.7828563,-122.3910879,,,Splunk,06075061508
10869899432,37.7826719,-122.3913273,amenity,cafe,Steep Creamery & Tea,06075061508
10874867136,37.781124,-122.395368,shop,convenience,Niell’s Grocery & Liquor,06075061502
10874867138,37.7808967,-122.3950566,,,State Farm,06075061502
10874867140,37.7810614,-122.3949049,,,Zetta Venture Partners,06075061502
10874867141,37.7812371,-122.3947876,,,Pear,06075061502
10874867142,37.7813701,-122.3946802,,,Flourish,06075061502
10874867143,37.7813995,-122.3946609,,,Thomvest,06075061502
10874867144,37.7815574,-122.3944569,,,Playstudios,06075061502
10874867146,37.7819997,-122.3938888,,,GrowthPoint Technology Partners,06075061502
10874867147,37.7821126,-122.3937507,,,Maschmeyer Group Ventures,06075061502
10874867150,37.7826127,-122.3933096,,,Alkeon,06075061502
10874867156,37.7826931,-122.3928752,,,Toyota Ventures,06075061508
10874867171,37.7820081,-122.3931342,,,Dreamplus,06075061502
10874867172,37.7819373,-122.393177,,,GGV Capital,06075061502
10874867173,37.7818986,-122.3931803,,,Coatue,06075061502
10874867174,37.7813038,-122.3937527,,,Kleiner Perkins,06075061502
10874867175,37.7812729,-122.3939399,,,Icon Ventures,06075061502
10874867176,37.7811928,-122.3939536,,,Jazz Venture Partners,06075061502
10874867177,37.781019,-122.3942574,,,Black Mountain Construction,06075061502
10874867178,37.7809881,-122.3943305,amenity,cafe,The Velvet Raven,06075061502
10874913948,37.7821527,-122.3888708,,,South Beach Marina Apartments Leasing Office,06075061502
10874914072,37.7739712,-122.3871659,,,Bauer’s Intelligent Transportation,06075060701
10874914074,37.7741796,-122.384433,,,Westar Marine Services,06075060701
10874914112,37.7702611,-122.385278,,,Jerico Products,06075060701
10874914127,37.76925,-122.389559,amenity,bank,Golden 1 Credit Union,06075060701
10874914128,37.7692333,-122.3890705,amenity,cafe,Plentea,06075060701
10876329244,37.8173949,-122.3714592,,,"Danny’s Construction Company, Incorporated",06075017903
10882326811,37.7810868,-122.3964368,,,Ridecell,06075018000
10882326835,37.7826594,-122.3944143,,,Murphy Printing and Marketing,06075061502
10882326843,37.7824682,-122.3947151,,,Lewis & Taylor Building Maintenance,06075061502
10882326855,37.7821725,-122.3945514,,,Sand Studios,06075061502
10882370524,37.781814,-122.3932367,,,South Park Commons,06075061502
10897941818,37.7746936,-122.3915459,amenity,school,The Dahlia School,06075060701
10897941845,37.7690609,-122.3900015,amenity,cafe,Double Shot Coffee,06075060701
10897941846,37.7690707,-122.3899111,,,UCSF Ofiice of Diversity & Outreach,06075060701
10897941851,37.7711067,-122.391072,amenity,cafe,Blue Bottle Coffee,06075060701
10907092559,37.7875068,-122.4229446,amenity,cafe,Cool Bar,06075015100
10913554935,37.7234922,-122.4548675,amenity,cafe,The Fate Tea House,06075031201
10913563342,37.7794178,-122.3960076,,,AGS,06075018000
10917023042,37.7740442,-122.4017082,,,Ocado Group,06075018000
10917023043,37.7740128,-122.4017388,,,Kindred,06075018000
10917024112,37.7783632,-122.3977298,,,Strata Landscape Architecture,06075018000
10917024139,37.7762005,-122.3973837,,,Aurora,06075018000
10917024147,37.7766692,-122.3968279,,,Whiting-Turner,06075018000
10917024182,37.7745704,-122.4030354,,,Compology,06075018000
10917024183,37.773729,-122.4026287,,,Eternal Construction,06075018000
10942933384,37.7825906,-122.4691243,amenity,bank,Cathay Bank,06075040200
10942940129,37.7980983,-122.3956254,,,Hornblower Group Headquarters,06075010500
10958544188,37.7634303,-122.475114,,,Haas,06075030201
10968514742,37.7884152,-122.3873718,,,Sofar,06075061507
10968514743,37.7889252,-122.3876346,,,AMC Consulting Engineers,06075061507
10968514842,37.7976169,-122.3936381,,,Prologis,06075010500
10968514851,37.7973563,-122.3939381,,,EHDD,06075010500
10969975320,37.7805203,-122.4676606,shop,convenience,Sonic Mart,06075045201
10977609709,37.7756341,-122.409533,amenity,bar,Decant SF,06075017804
10998358790,37.7920038,-122.4029047,amenity,bank,Bank of America,06075011700
10998403492,37.7934251,-122.4048478,amenity,bank,Provident Credit Union,06075011800
11008638714,37.7701006,-122.4455248,amenity,cafe,The Mellow SF,06075016601
11009374809,37.7827632,-122.4713517,,,Beam Properties,06075040200
11011243622,37.7531744,-122.388364,shop,convenience,Loop,06075022600
11014896523,37.7804627,-122.4729562,amenity,cafe,The Vegan Cafe,06075047600
11017018708,37.7833032,-122.4230471,amenity,school,Sacred Heart Cathedral Preparatory School,06075016000
11019019808,37.7879948,-122.3970044,,,Alphagraphics,06075061501
11019019811,37.7884637,-122.3966857,,,Slack,06075061501
11019019836,37.788106,-122.3960371,,,Nasdaq Entrepeneurial Center,06075061503
11019019848,37.7889399,-122.3952213,amenity,bank,First Republic Bank,06075061503
11019019859,37.7904753,-122.3929876,,,Charles Schwab,06075061507
11019019868,37.7903426,-122.3924452,amenity,cafe,The Lightbox Café,06075061507
11019019872,37.7910128,-122.3926421,amenity,cafe,Sweet Joanna’s Cafe & Bakery,06075061507
11019019876,37.7910471,-122.392468,,,State Farm,06075061507
11019019903,37.7912939,-122.3932262,,,Beta 90 Computer & Networking,06075061507
11019019905,37.7909944,-122.393189,amenity,cafe,Bahn Mi King,06075061507
11020353160,37.7803268,-122.3967867,,,Bessemer Venture Partners,06075018000
11020495315,37.7813516,-122.3954967,,,True Ventures,06075061502
11020498921,37.7819061,-122.3947384,,,Amplify Partners,06075061502
11020498922,37.7816348,-122.3934121,,,Accel,06075061502
11020499174,37.7797063,-122.3914299,,,Index Ventures,06075060701
11020499175,37.7767557,-122.3912374,,,Costanoa Ventures,06075060703
11021220299,37.7634661,-122.4664294,shop,convenience,Willow on the Green,06075030202
11021366810,37.7818148,-122.3985986,,,Mark Brand Architecture,06075017801
11021366835,37.7843146,-122.3955675,,,First American Title Homebuilder Services,06075061503
11021366851,37.7849118,-122.395371,amenity,cafe,Steep,06075061503
11021366900,37.7877488,-122.3905917,,,Bay Crest,06075061506
11028508800,37.7591827,-122.5078743,shop,convenience,Your Market,06075035202
11029498046,37.7389988,-122.4681512,shop,supermarket,Four Seasons Market,06075030800
11038118634,37.7574271,-122.4085436,amenity,cafe,Marigold Cafe,06075022803
11041008192,37.7792467,-122.3908206,amenity,bar,Bar VIA,06075060701
11043132737,37.7926178,-122.4012209,amenity,bank,Bank of the Orient,06075011700
11043335423,37.7922622,-122.403564,amenity,bar,The Vault Garden,06075011700
11045883704,37.7817206,-122.421472,,,Gotcha Legal Services,06075016000
11063164933,37.7604466,-122.385352,,,Astranis,06075022600
11064311753,37.7841474,-122.4087906,,,Fastmetrics LLC,06075012503
11064507175,37.7969036,-122.3985422,shop,supermarket,Safeway,06075010500
11069681605,37.8040105,-122.414836,amenity,cafe,Pat's Cafe,06075010102
11071758780,37.7870224,-122.4472691,amenity,bank,San Francisco Fire Credit Union,06075015402
11084382100,37.77288,-122.5107658,amenity,cafe,Andytown,06075047904
11100789914,37.7809812,-122.4151319,,,The Academe at 198,06075012405
11103972483,37.7885336,-122.4206646,,,MYC Realty Group,06075012001
11123421525,37.7636197,-122.4787309,,,Lucky Spot,06075032601
11135654236,37.7896012,-122.396872,,,Salesforce,06075061501
11142562489,37.7808783,-122.4132553,shop,convenience,Plaza Snacks & Deli,06075012504
11144316503,37.7808371,-122.4116839,shop,convenience,Bay Food Market,06075017604
11149187371,37.7684244,-122.3864865,amenity,bar,Mission Bay Wine Bar at Thrive City,06075060701
11159983112,37.7844822,-122.4039584,amenity,cafe,Starbucks,06075061501
11162304805,37.7247268,-122.459482,shop,supermarket,Fruit Barn,06075031000
11166107096,37.7695908,-122.402604,,,State Farm,06075060702
11166132514,37.7779908,-122.3998298,,,Span,06075018000
11166132519,37.7774512,-122.4004207,,,Audio Images,06075018000
11166132526,37.7771022,-122.400937,,,Seamus Collins Construction,06075018000
11166132554,37.7751887,-122.4018093,,,San Francisco Adult Probation Department,06075018000
11166132558,37.7756252,-122.4023049,,,"Lawrence Minney, Certified Public Accountant",06075018000
11166132561,37.7753261,-122.4028226,,,Aladdin Bail Bonds,06075018000
11166132562,37.775343,-122.40285,amenity,bar,?,06075018000
11166132565,37.7749475,-122.4035246,,,San Francisco Pretrial Diversion Project,06075018000
11173122067,37.7638593,-122.4164583,,,MindsDB,06075017700
11198865806,37.7782612,-122.4184895,,,San Francisco Department of Public Health,06075012405
11198894691,37.7654968,-122.4018615,,,Fifteen,06075060702
11198894700,37.7647595,-122.4010599,amenity,school,Potrero Hill Montessori,06075022704
11212753403,37.7891184,-122.4080134,,,Framework Computer,06075011700
11226020572,37.7875812,-122.3995299,amenity,bank,Patelco Credit Union,06075061501
11230135189,37.787301,-122.399201,,,John Deere Labs,06075061501
11230135193,37.7869631,-122.399023,,,Consulate General of Estonia,06075061501
11230365821,37.7707238,-122.421035,,,Human Services Agency of San Francisco,06075020101
11230460507,37.7650106,-122.4184549,amenity,cafe,Chile Lindo,06075020102
11232217086,37.7826643,-122.4172601,amenity,bar,Emperor Norton's Boozeland,06075012403
11240339635,37.7901597,-122.3953751,,,Transbay Joint Powers Authority,06075061501
11253185336,37.7900526,-122.402885,amenity,cafe,Cento Coffee Systeme D,06075011700
11254215600,37.8057617,-122.4229608,,,Ghirardelli Square Management Office,06075010202
11254215610,37.8061248,-122.423487,,,Compass,06075010202
11254215617,37.80152,-122.4242511,,,AMSI,06075010201
11254215620,37.8059002,-122.4219619,,,Allstate,06075010202
11256606893,37.788619,-122.4003154,amenity,cafe,Blue Stone Lane,06075061501
11260953153,37.7908064,-122.4021941,amenity,bank,BMO,06075011700
11263551592,37.7956872,-122.393857,amenity,cafe,Blue Bottle Coffee,06075010500
11263551593,37.7957855,-122.3939649,amenity,bar,Fort Point Beer Co.,06075010500
11270679291,37.7865954,-122.4021108,,,Elysium Space,06075061501
11279873544,37.7877467,-122.4064008,,,WeWork,06075011700
11280241388,37.789896,-122.395265,amenity,cafe,Andytown Coffee Roasters,06075061501
11288454607,37.7221303,-122.4369831,amenity,cafe,TS cafe,06075026100
11289957755,37.7999995,-122.424572,,,Farmers Insurance,06075012902
11289957765,37.8014055,-122.424997,amenity,cafe,The Coffee Berry,06075012901
11296107122,37.7754314,-122.4259306,shop,convenience,Food Basket Market,06075016200
11296221836,37.7830048,-122.4659625,amenity,bank,Industrial and Commercial Bank of China,06075040200
11303084098,37.7802498,-122.4855391,shop,convenience,,06075042700
11305630635,37.7690078,-122.411438,,,Zoox,06075017700
11330110153,37.724573,-122.4587607,shop,supermarket,All Fresh Market,06075031000
11342634169,37.7825305,-122.468097,amenity,bar,Lost Marbles,06075040200
11347413508,37.7950559,-122.4353385,amenity,place_of_worship,Vedanta Society of Northern California,06075013200
11349623717,37.7886427,-122.4346902,amenity,cafe,Starbucks,06075015202
11362887388,37.7771618,-122.410704,amenity,bar,Enterprise Brewing Company,06075017603
11384826396,37.7808132,-122.4735983,amenity,dancing_school,Geary Dance Center,06075042602
11384826397,37.7808026,-122.4731934,,,Glynn Realty Abigail Glynn Notary Public,06075042602
11390824779,37.8100175,-122.4103881,amenity,cafe,Biscoff,06075010101
11394512769,37.7879401,-122.3994262,amenity,bank,,06075061501
11396077811,37.7304034,-122.471494,,,Nadrich Accident Injury Lawyers,06075030900
11398720275,37.8004773,-122.459284,,,Edge & Node House of Web3,06075060100
11401506169,37.7800668,-122.4160528,amenity,cafe,Asian Art Museum Cafe,06075012405
11406953669,37.7641169,-122.3943696,,,Multiply Labs,06075022702
11423890573,37.8083677,-122.4135411,amenity,bar,The Socialite,06075010101
11423890590,37.8073407,-122.4162121,amenity,cafe,Latte Express,06075010101
11423890591,37.8070976,-122.41617,,,Go Car Tours,06075010101
11423890593,37.8084312,-122.4130297,amenity,cafe,Starbucks,06075010101
11423890626,37.8082743,-122.4178916,,,Hammond Marine Electronics,06075010101
11423890637,37.8063854,-122.4213818,shop,convenience,Alcatraz Market,06075010202
11423890658,37.8072049,-122.4191778,amenity,cafe,Pomegranate,06075010202
11423890665,37.8080089,-122.4195515,,,California Shellfish Co,06075010202
11423890671,37.8077294,-122.418683,amenity,cafe,The Crêpe Cafe,06075010101
11436034122,37.7975942,-122.4307445,amenity,bar,Left Door,06075013002
11464727187,37.7603662,-122.4239269,amenity,place_of_worship,Voice of Christ Church,06075020702
11491034717,37.806744,-122.4313772,,,Fort Mason Center,06075012602
11509744692,37.7565389,-122.5016701,shop,convenience,,06075035102
11509744701,37.7569687,-122.5023107,,,Law Office Of Kurt D. Huysentruyt,06075035102
11512019534,37.7820917,-122.4623735,amenity,place_of_worship,Magain David,06075040100
11517264106,37.7820917,-122.4623734,amenity,place_of_worship,Magain David,06075040100
11554599511,37.7875742,-122.404117,,,Applied Information Group,06075011700
11556085319,37.7549065,-122.3979356,shop,convenience,M & W Market,06075061401
11558519650,37.773042,-122.4104784,,,Piechota Architecture,06075017803
11558519664,37.7730704,-122.4104301,,,Meyer Marketing,06075017803
11558519668,37.7713097,-122.4122395,,,Human Services Agency,06075017803
11572000635,37.7635711,-122.3999915,amenity,cafe,Magic Donuts & Coffee,06075022704
11579822222,37.8031918,-122.4124292,,,Telegraph Hill Neighborhood Center (TEL HI),06075010401
11582939955,37.7744644,-122.4429242,shop,convenience,Parkside Market,06075016500
11582939956,37.7760387,-122.4461836,amenity,cafe,Boba Head,06075015702
11590449582,37.7712704,-122.3892671,amenity,cafe,Starbucks,06075060701
11590449586,37.7672838,-122.3888194,amenity,cafe,Philz Coffee,06075060701
11590449599,37.7727135,-122.4024179,,,Betterview,06075018000
11590449612,37.7690342,-122.3986178,,,Rapid Robotics,06075060702
11590449613,37.7687292,-122.3990344,,,Adobe,06075060702
11612234488,37.7863604,-122.3983031,,,LinkedIn,06075061503
11612234490,37.7916505,-122.3991664,amenity,cafe,Philz Coffee,06075011700
11612234494,37.7905793,-122.3974801,amenity,cafe,Coffee Bodega,06075061501
11612234495,37.7941264,-122.3967619,,,American Civil Liberties Union,06075011700
11612234496,37.7944785,-122.3967796,amenity,cafe,Happy Lemon,06075011700
11612234501,37.7919829,-122.3975349,amenity,cafe,Starbucks,06075061501
11612234508,37.7859023,-122.3965903,amenity,bar,Seven Square Taproom,06075061503
11612234509,37.7858842,-122.3974185,,,P.L.A.Y.,06075061503
11612234510,37.7865183,-122.3976948,,,George P. Johnson Experience Marketing,06075061503
11643636136,37.7893464,-122.4008605,,,Australian Consulate-General,06075061501
11645223495,37.7647803,-122.4320736,,,MagicBell,06075020300
11656528570,37.8088473,-122.409885,amenity,cafe,Boudin Bakery Cafe,06075010101
11657169276,37.7607771,-122.3866356,,,Y Combinator,06075022600
11670007643,37.7745156,-122.4179924,,,San Francisco Permit Center,06075017700
11683920862,37.7816132,-122.396453,amenity,cafe,Dartealing Lounge,06075018000
11698616629,37.7598822,-122.3882398,amenity,cafe,The Plant,06075022600
11698616630,37.7606257,-122.3881681,amenity,cafe,Bandit,06075022600
11698616631,37.7661509,-122.3887825,amenity,cafe,Caffé Central,06075022600
11699762310,37.7833669,-122.4105073,shop,convenience,Tip Top Market,06075012503
11699762311,37.7843425,-122.4103578,,,Southeast Asian Development Center,06075012503
11699762313,37.7838118,-122.4124307,amenity,bank,Northeast Community Credit Union,06075012502
11699777853,37.7830042,-122.4116354,shop,convenience,Ed's Market,06075012503
11699777854,37.7830303,-122.4113803,amenity,bar,Aunt Charlies Lounge,06075012503
11699784772,37.7833078,-122.4140198,shop,convenience,SF Discount Market,06075012502
11699784773,37.7836392,-122.4140931,shop,convenience,Empire Market,06075012502
11699784774,37.7836983,-122.4136958,,,Indochinese Housing Development Corporation,06075012502
11702308289,37.7828339,-122.4129286,shop,convenience,Radman's Produce Market,06075012503
11702308292,37.7820126,-122.4137582,,,826 Valencia Tenderloin Center,06075012503
11702310694,37.7817033,-122.4141875,,,Unite Here! Local 2,06075012405
11707124277,37.7469865,-122.4188069,amenity,cafe,CoffeeShop,06075025200
11711830526,37.7796878,-122.3935451,,,Ubisoft,06075061502
11711830529,37.7795984,-122.3934617,,,Surefox,06075061502
11711830530,37.7795826,-122.3934452,,,Martin Building Co.,06075061502
11711863749,37.7866662,-122.4037554,amenity,place_of_worship,Epic Church,06075061501
11737694237,37.7920843,-122.4158236,shop,convenience,Tahona Mercado,06075011200
11746456807,37.7144521,-122.4664984,amenity,place_of_worship,Pilgrim Community Church,06075031302
11752501602,37.780939,-122.4189945,amenity,cafe,SPRO,06075012405
11753488959,37.7962094,-122.401594,,,U.S. Citizenship and Immigration Services,06075061101
11761159378,37.7940068,-122.3974189,,,Fenchel Family Law,06075011700
11762558304,37.7761619,-122.402152,amenity,cafe,AyDea,06075018000
11774208901,37.7857701,-122.4142377,amenity,language_school,EF,06075012302
11777326255,37.7760592,-122.4084998,,,China Basin Charter,06075017804
11777326258,37.7810493,-122.4026799,amenity,bar,Buena Vida Cantina,06075017801
11777326261,37.7813461,-122.4023288,,,Cottage,06075017801
11777326266,37.7825992,-122.4033067,,,Office of Clients’ Rights Advocacy,06075017801
11777394279,37.7809018,-122.403397,amenity,school,Apple Tree School,06075017801
11777394294,37.7778879,-122.4068341,,,Mission Hiring Hall,06075017804
11777394296,37.7774026,-122.407279,,,Claudia Tax Services,06075017804
11777394298,37.777124,-122.4080669,,,Box Clever,06075017804
11777394327,37.7729234,-122.4124752,amenity,bar,Hole In The Wall,06075017803
11777394329,37.7732522,-122.4120502,amenity,cafe,Dento Piano Cafe,06075017803
11777394332,37.7739484,-122.4111341,,,WDA,06075017803
11777394334,37.7740572,-122.4109776,,,AlloyPD,06075017803
11777394335,37.7742505,-122.4107647,,,Seriforge,06075017803
11777394336,37.7742499,-122.4105782,,,Caterpillar,06075017803
11777394339,37.7745531,-122.4104282,amenity,bar,Driftwood,06075017803
11777394341,37.7768218,-122.4074926,,,Cobaltix,06075017804
11777394344,37.7760763,-122.4084781,,,Ruby Sailing,06075017804
11777394346,37.7759233,-122.4086566,shop,convenience,Welcome Supermarket,06075017804
11777394349,37.7745995,-122.4103455,,,Media Distributors,06075017803
11777394354,37.7813902,-122.4017028,,,Farmers Insurance,06075017801
11777394359,37.7804551,-122.4028884,,,Guzman Construction Group,06075017801
11777394364,37.7788,-122.4050134,,,Added Dimensions,06075017804
11777394366,37.7780058,-122.4060218,,,300FeetOut,06075017804
11778327041,37.7893587,-122.399697,,,Incito Consulting,06075061501
11799118246,37.7647764,-122.4195057,amenity,cafe,Kitava Kitchen,06075020102
11806415028,37.7605617,-122.4190897,,,Aventuras,06075020802
11806415036,37.760053,-122.4190195,amenity,cafe,El Corazón Café,06075020801
11806415039,37.7594304,-122.4189869,amenity,bar,Casements,06075020801
11806415050,37.7493774,-122.4180133,amenity,prep_school,Endgames Improv Training Center,06075020900
11806415059,37.7489563,-122.4177218,,,PeopleReady,06075020900
11806415061,37.7492885,-122.4161787,shop,convenience,Vic’s Grocery Liquor,06075020900
11806415064,37.748524,-122.4085736,amenity,bar,Hop Oast,06075022903
11806415069,37.7497383,-122.4180491,amenity,school,The Civic Kitchen,06075020900
11815472278,37.7892128,-122.3985326,amenity,cafe,Café GGU,06075061501
11816770947,37.7502108,-122.3846616,,,R&S Erection,06075980900
11817396082,37.781726,-122.4080568,,,Michael J. Gurfinkel,06075017602
11817396084,37.7815603,-122.408308,,,Eviction Defense Collaborative,06075017602
11817396087,37.780502,-122.4084054,shop,convenience,I. C. U. Market,06075017602
11817396091,37.7805908,-122.4079973,shop,convenience,6th Gift & More,06075017602
11817396092,37.7802279,-122.4074773,,,Hospitality House,06075017602
11877307177,37.793512,-122.3986324,amenity,bank,City National Bank,06075011700
11889618388,37.7430792,-122.3867426,amenity,cafe,The Hungry Café,06075980900
11890651237,37.7598567,-122.397386,amenity,cafe,Loard’s Ice Cream,06075061402
11895561225,37.7697498,-122.4019307,,,Samsara,06075060702
11897570031,37.7835778,-122.3989177,shop,supermarket,Chaat Corner Indian Grocery,06075017801
11905918011,37.7596334,-122.4351192,,,Level343 - International Marketing & SEO Company,06075020500
11933819125,37.7653577,-122.417754,,,Asociacion Mayab,06075020102
11950809144,37.7781179,-122.4264269,shop,supermarket,Trader Joe's,06075016200
11963169369,37.7929589,-122.3995978,amenity,bank,Amalgamated Bank,06075011700
11970890886,37.7732631,-122.5060543,amenity,cafe,Butterfly Joint,06075047904
11974004198,37.7950712,-122.4077393,shop,convenience,Dai Lee Food Inc.,06075061102
11976847202,37.7757614,-122.3897699,,,Capgemini,06075060701
11984289374,37.782883,-122.396741,,,Replit,06075061502
11992811500,37.74994,-122.4758722,amenity,place_of_worship,Holy Word Church of Evangelize,06075030302
11992820909,37.7496669,-122.476299,amenity,hospital,The Avenues Transitional Care Center,06075032801
12001976932,37.7871083,-122.3887808,,,Gee Chung Design,06075061506
12001976933,37.7871719,-122.388702,amenity,school,Bodhi Panya Institute,06075061506
12001976937,37.7872577,-122.3885911,,,American Buddhist Cultural Society,06075061506
12001976953,37.7910369,-122.3907946,amenity,cafe,Fisher Brew,06075061507
12001976974,37.7923331,-122.3927158,amenity,cafe,Aura,06075061507
12001976982,37.7918282,-122.3929291,amenity,cafe,Penelope’s Coffee & Tea,06075061507
12001976984,37.7920098,-122.393741,,,Sutherland Labs,06075061507
12001976985,37.7920446,-122.3937869,,,Woods Bagot,06075061507
12001976989,37.7922247,-122.3942324,amenity,cafe,Working Girls’ Cafe,06075061507
12008496242,37.7780876,-122.404816,amenity,cafe,Telescope Coffee,06075017804
12044046584,37.7784827,-122.4153964,shop,convenience,Civic Center Market,06075012405
12044085319,37.7945432,-122.4012402,amenity,bank,Umpqua Bank,06075061101
12044085320,37.794378,-122.4024882,,,Grounded Capital,06075061101
12044085322,37.7941913,-122.402686,,,Verso Law Group,06075061101
12052087784,37.7816776,-122.4003525,,,Taipei Economic and Cultural Office in San Francisco,06075017801
12052328555,37.7764031,-122.4277764,shop,convenience,Hayes Market,06075016300
12054096702,37.7933309,-122.4059223,amenity,cafe,Jinshan Cafe,06075011800
12054338455,37.7973887,-122.4070512,amenity,bank,CTBC Bank,06075010701
12061803619,37.7630286,-122.4139702,amenity,music_school,Rock Band Land,06075022801
12069089539,37.7782501,-122.393788,amenity,bar,Saison Cellar & Wine Bar,06075018000
12070629878,37.7783062,-122.3936992,amenity,bar,Saison Cellar & Wine Bar: Member's Cellar,06075018000
12090074304,37.7926421,-122.4004768,,,Hill,06075011700
12092036107,37.7590075,-122.416707,amenity,hospital,Double Happiness Health - Acupuncture San Francisco,06075022801
12101566691,37.7901609,-122.4037971,amenity,cafe,Little Sweet,06075011700
12115120001,37.7893105,-122.3999338,amenity,bar,Louie's Bar,06075061501
12118054201,37.7817564,-122.4012032,,,Zo House,06075017801
12133091149,37.7827313,-122.4092532,amenity,bar,Punsch Bar,06075017602
12133955041,37.7656261,-122.3928771,,,Pear VC,06075022600
12134676893,37.7105171,-122.4674404,amenity,cafe,7 Leaves,06075031302
12181090490,37.7953592,-122.4029978,amenity,cafe,,06075061101
12189171988,37.7827991,-122.4648728,amenity,cafe,Pixlcat Coffee,06075040200
12212942702,37.796157,-122.3941909,,,Shack15,06075010500
12224176411,37.7906275,-122.394398,,,Meta,06075061507
12247275391,37.7982107,-122.4358728,amenity,bar,The Comet Club,06075012802
12247297913,37.7983279,-122.4356209,amenity,cafe,Lilikoi,06075012902
12251148866,37.7923506,-122.3999514,amenity,cafe,Cafe Atlas,06075011700
12253600225,37.7824085,-122.4796916,amenity,cafe,Bread N' Chu,06075042601
12258559262,37.7777062,-122.3968773,,,Adyen,06075018000
12277317161,37.7698805,-122.4488905,amenity,music_school,Sound Minds,06075016602
12278145475,37.788818,-122.4026634,,,Consulate General of Ireland,06075011700
12288987452,37.7607437,-122.3884137,amenity,bar,The Sea Star,06075022600
12292650095,37.7773961,-122.4631909,amenity,cafe,Three Polar Bears,06075045100
12297455024,37.7793787,-122.4135749,,,Lighthouse for the Blind,06075017604
12297513702,37.7731747,-122.4214564,shop,convenience,Nick's Foods,06075020101
12337873693,37.7665926,-122.4528512,,,Colors of Love on Haight,06075017102
12338329312,37.7735406,-122.4484307,amenity,music_school,Mr. Natural's Electric Classroom,06075016500
12338362406,37.7738194,-122.447838,shop,convenience,Central Park Natural,06075016500
12349645769,37.7639906,-122.4726717,,,NRP Artworks @ Never Open,06075030201
12394258401,37.7739093,-122.4050761,,,DesignMap,06075018000
12407904345,37.7629705,-122.4826183,,,All Bay Properties,06075032601
12407904346,37.7632041,-122.4823371,amenity,bank,Cathay Bank,06075032601
12408404346,37.7765477,-122.4227586,amenity,bar,Linden Room,06075016200
12440345643,37.7881828,-122.4200715,amenity,school,International Beauty College,06075012001
12440345647,37.7884391,-122.4214056,,,Planet Home,06075012001
12454338765,37.776557,-122.4762674,,,Western Neighborhood Project,06075047600
12470630701,37.7711115,-122.4465221,amenity,school,The Urban School of San Francisco,06075016601
12481873898,37.7150658,-122.4711903,,,The Hassell Law Group,06075031302
12486491477,37.7347465,-122.4981291,,,UPM Digital Media,06075035300
12518705287,37.7716382,-122.4240927,,,San Francisco Office of Transgender Initiatives,06075016802
12522217330,37.7492175,-122.4183513,shop,supermarket,Samiramis Imports,06075020900
12522217334,37.7510951,-122.4130221,amenity,cafe,El Paraiso,06075022901
12522217336,37.7491315,-122.4186616,amenity,cafe,Shaska,06075020900
12527973431,37.7579254,-122.3903846,amenity,cafe,CoffeeShop,06075022600
12542266087,37.7759459,-122.4042868,,,San Francisco County Jail #2 Annex,06075018000
12550746944,37.8083416,-122.4139934,amenity,bar,,06075010101
12550746948,37.8071568,-122.4186851,,,"TALK Schools, San Francisco",06075010101
12559170744,37.7512685,-122.4207914,,,Caritas Management Corporation,06075021000
12559170748,37.7507025,-122.4207306,,,MG and Associates,06075021000
12559170749,37.7509713,-122.4207595,,,Herrera Financial Services,06075021000
12583335236,37.7512879,-122.4204327,,,Murphy Investments,06075020900
12583335241,37.7551257,-122.4207915,amenity,bar,Radio Habana,06075020900
12593933449,37.8018471,-122.4125991,,,Good Earth Realty,06075010702
12603635863,37.7992795,-122.4085019,amenity,bank,GBC International Bank,06075010600
12613550127,37.7963445,-122.4033448,amenity,cafe,Postscript,06075061101
12615222601,37.7885424,-122.401467,,,Socotra,06075061501
12620215183,37.7898562,-122.4195684,,,EB-5 Choice,06075011102
12631672801,37.7831633,-122.4159637,amenity,music_school,Hyde Street Studios,06075012403
12636953381,37.7917246,-122.3977652,amenity,bank,Wells Fargo,06075061501
12637192283,37.772341,-122.4294507,amenity,place_of_worship,Rising Phoenix Entheogenic Temple,06075016801
12637829527,37.7958049,-122.4032562,amenity,cafe,Maison Nico,06075061101
12637859032,37.7578731,-122.3878755,shop,convenience,Mainstay Markets,06075022600
12639449468,37.7618996,-122.4663466,amenity,place_of_worship,,06075030202
12639528581,37.7637131,-122.4642866,,,Bravo Law Offices,06075030202
12747187201,37.7911018,-122.3925583,amenity,university,University of San Francisco - Folger Building,06075061507
12759731709,37.7931258,-122.4072301,,,GJEL Accident Attorneys,06075011800
12772946790,37.7637586,-122.4696883,amenity,prep_school,Tutoring Club,06075030202
12784621428,37.764629,-122.43329,shop,convenience,Rosenberg's Market,06075016900
12794770641,37.7615756,-122.4253905,amenity,cooking_school,18 Reasons,06075020702
12799041300,37.7845106,-122.4073746,amenity,police,,06075017602
12842074059,37.7853371,-122.3956082,,,PaperTrue,06075061503
12852079637,37.7211308,-122.4377288,amenity,bank,San Francisco Federal Credit Union,06075026100
12854606431,37.7170763,-122.4410589,shop,convenience,Circle K,06075026100
12854606433,37.7164747,-122.4408246,shop,convenience,Adel Market,06075026301
12854606434,37.7169085,-122.4405034,,,H&R Block,06075026301
12854757362,37.7998254,-122.4346507,,,Sotheby's International Realty,06075012902
12863263430,37.7575096,-122.3947983,amenity,cafe,Progeny Coffee,06075061402
12863374035,37.7592127,-122.4192758,shop,supermarket,Mission Food Center,06075020801
12863374037,37.7587948,-122.4189408,shop,convenience,Jasmine Market,06075020801
12865390893,37.8008972,-122.3963516,,,Water Emergency Transportation Authority (WETA),06075010500
12872349013,37.7656604,-122.4217779,,,Ground Floor,06075020102
12887035377,37.7978376,-122.4058578,amenity,bar,Paris 75,06075010600
12887090805,37.7979485,-122.405093,amenity,bar,Bamboo Hut,06075010600
12889667206,37.7981905,-122.4278738,,,"Highscore, Inc.",06075013001
12900325202,37.7652703,-122.431471,amenity,bar,Rikki's,06075020300
12908540326,37.8039287,-122.4679271,,,Camp and King,06075060100
12908986702,37.7812041,-122.4839809,,,Smart Solution Appliances,06075042700
12908993001,37.7812092,-122.4839547,,,,06075042700
12913035005,37.7946321,-122.4079015,amenity,bank,Bank of America,06075061102
12920135632,37.7581722,-122.4191912,amenity,bank,Self-Help Federal Credit Union,06075020801
12922396896,37.7479811,-122.4180833,,,Central American Resource Center of Northern California - CARECEN SF,06075025200
12941401423,37.7556103,-122.4142349,shop,convenience,Isaac's Market,06075022803
12947723693,37.7537866,-122.489952,shop,convenience,Quarts n Pints,06075032902
12948857380,37.7634219,-122.4174966,,,BiteUnite Cooking Classes San Francisco,06075020802
12951004302,37.780965,-122.4105181,amenity,bar,Indie Darling,06075017604
12956793268,37.7944399,-122.4032442,,,Benchling,06075061101
12957053097,37.7959342,-122.4035909,amenity,place_of_worship,Church of Scientology of San Francisco,06075061101
12958840366,37.7541009,-122.4844655,,,Block Advisors,06075032802
